"index","wavelength"
1,199.438
2,199.523
3,199.607
4,199.692
5,199.776
6,199.86
7,199.945
8,200.029
9,200.114
10,200.198
11,200.282
12,200.367
13,200.451
14,200.536
15,200.62
16,200.704
17,200.789
18,200.873
19,200.958
20,201.042
21,201.126
22,201.211
23,201.295
24,201.38
25,201.464
26,201.548
27,201.633
28,201.717
29,201.802
30,201.886
31,201.97
32,202.055
33,202.139
34,202.224
35,202.308
36,202.392
37,202.477
38,202.561
39,202.645
40,202.73
41,202.814
42,202.899
43,202.983
44,203.067
45,203.152
46,203.236
47,203.321
48,203.405
49,203.489
50,203.574
51,203.658
52,203.743
53,203.827
54,203.911
55,203.996
56,204.08
57,204.165
58,204.249
59,204.333
60,204.418
61,204.502
62,204.587
63,204.671
64,204.755
65,204.84
66,204.924
67,205.009
68,205.093
69,205.177
70,205.262
71,205.346
72,205.431
73,205.515
74,205.599
75,205.684
76,205.768
77,205.853
78,205.937
79,206.021
80,206.106
81,206.19
82,206.275
83,206.359
84,206.443
85,206.528
86,206.612
87,206.697
88,206.781
89,206.865
90,206.95
91,207.034
92,207.119
93,207.203
94,207.287
95,207.372
96,207.456
97,207.541
98,207.625
99,207.709
100,207.794
101,207.878
102,207.963
103,208.047
104,208.131
105,208.216
106,208.3
107,208.385
108,208.469
109,208.553
110,208.638
111,208.722
112,208.807
113,208.891
114,208.975
115,209.06
116,209.144
117,209.229
118,209.313
119,209.397
120,209.482
121,209.566
122,209.651
123,209.735
124,209.819
125,209.904
126,209.988
127,210.073
128,210.157
129,210.241
130,210.326
131,210.41
132,210.495
133,210.579
134,210.663
135,210.748
136,210.832
137,210.917
138,211.001
139,211.085
140,211.17
141,211.254
142,211.339
143,211.423
144,211.507
145,211.592
146,211.676
147,211.761
148,211.845
149,211.929
150,212.014
151,212.098
152,212.183
153,212.267
154,212.351
155,212.436
156,212.52
157,212.605
158,212.689
159,212.773
160,212.858
161,212.942
162,213.027
163,213.111
164,213.195
165,213.28
166,213.364
167,213.449
168,213.533
169,213.618
170,213.702
171,213.786
172,213.871
173,213.955
174,214.04
175,214.124
176,214.208
177,214.293
178,214.377
179,214.462
180,214.546
181,214.63
182,214.715
183,214.799
184,214.884
185,214.968
186,215.052
187,215.137
188,215.221
189,215.306
190,215.39
191,215.474
192,215.559
193,215.643
194,215.728
195,215.812
196,215.896
197,215.981
198,216.065
199,216.15
200,216.234
201,216.318
202,216.403
203,216.487
204,216.572
205,216.656
206,216.74
207,216.825
208,216.909
209,216.994
210,217.078
211,217.162
212,217.247
213,217.331
214,217.416
215,217.5
216,217.585
217,217.669
218,217.753
219,217.838
220,217.922
221,218.007
222,218.091
223,218.175
224,218.26
225,218.344
226,218.429
227,218.513
228,218.597
229,218.682
230,218.766
231,218.851
232,218.935
233,219.019
234,219.104
235,219.188
236,219.273
237,219.357
238,219.441
239,219.526
240,219.61
241,219.695
242,219.779
243,219.863
244,219.948
245,220.032
246,220.117
247,220.201
248,220.286
249,220.37
250,220.454
251,220.539
252,220.623
253,220.708
254,220.792
255,220.876
256,220.961
257,221.045
258,221.13
259,221.214
260,221.298
261,221.383
262,221.467
263,221.552
264,221.636
265,221.72
266,221.805
267,221.889
268,221.974
269,222.058
270,222.142
271,222.227
272,222.311
273,222.396
274,222.48
275,222.565
276,222.649
277,222.733
278,222.818
279,222.902
280,222.987
281,223.071
282,223.155
283,223.24
284,223.324
285,223.409
286,223.493
287,223.577
288,223.662
289,223.746
290,223.831
291,223.915
292,223.999
293,224.084
294,224.168
295,224.253
296,224.337
297,224.421
298,224.506
299,224.59
300,224.675
301,224.759
302,224.844
303,224.928
304,225.012
305,225.097
306,225.181
307,225.266
308,225.35
309,225.434
310,225.519
311,225.603
312,225.688
313,225.772
314,225.856
315,225.941
316,226.025
317,226.11
318,226.194
319,226.278
320,226.363
321,226.447
322,226.532
323,226.616
324,226.701
325,226.785
326,226.869
327,226.954
328,227.038
329,227.123
330,227.207
331,227.291
332,227.376
333,227.46
334,227.545
335,227.629
336,227.713
337,227.798
338,227.882
339,227.967
340,228.051
341,228.136
342,228.22
343,228.304
344,228.389
345,228.473
346,228.558
347,228.642
348,228.726
349,228.811
350,228.895
351,228.98
352,229.064
353,229.148
354,229.233
355,229.317
356,229.402
357,229.486
358,229.57
359,229.655
360,229.739
361,229.824
362,229.908
363,229.993
364,230.077
365,230.161
366,230.246
367,230.33
368,230.415
369,230.499
370,230.583
371,230.668
372,230.752
373,230.837
374,230.921
375,231.005
376,231.09
377,231.174
378,231.259
379,231.343
380,231.428
381,231.512
382,231.596
383,231.681
384,231.765
385,231.85
386,231.934
387,232.018
388,232.103
389,232.187
390,232.272
391,232.356
392,232.44
393,232.525
394,232.609
395,232.694
396,232.778
397,232.863
398,232.947
399,233.031
400,233.116
401,233.2
402,233.285
403,233.369
404,233.453
405,233.538
406,233.622
407,233.707
408,233.791
409,233.876
410,233.96
411,234.044
412,234.129
413,234.213
414,234.298
415,234.382
416,234.466
417,234.551
418,234.635
419,234.72
420,234.804
421,234.888
422,234.973
423,235.057
424,235.142
425,235.226
426,235.311
427,235.395
428,235.479
429,235.564
430,235.648
431,235.733
432,235.817
433,235.901
434,235.986
435,236.07
436,236.155
437,236.239
438,236.323
439,236.408
440,236.492
441,236.577
442,236.661
443,236.746
444,236.83
445,236.914
446,236.999
447,237.083
448,237.168
449,237.252
450,237.336
451,237.421
452,237.505
453,237.59
454,237.674
455,237.759
456,237.843
457,237.927
458,238.012
459,238.096
460,238.181
461,238.265
462,238.349
463,238.434
464,238.518
465,238.603
466,238.687
467,238.772
468,238.856
469,238.94
470,239.025
471,239.109
472,239.194
473,239.278
474,239.362
475,239.447
476,239.531
477,239.616
478,239.7
479,239.784
480,239.869
481,239.953
482,240.038
483,240.122
484,240.207
485,240.291
486,240.375
487,240.46
488,240.544
489,240.629
490,240.713
491,240.797
492,240.882
493,240.966
494,241.051
495,241.135
496,241.22
497,241.304
498,241.388
499,241.473
500,241.557
501,241.642
502,241.726
503,241.81
504,241.895
505,241.979
506,242.064
507,242.148
508,242.233
509,242.317
510,242.401
511,242.486
512,242.57
513,242.655
514,242.739
515,242.823
516,242.908
517,242.992
518,243.077
519,243.161
520,243.246
521,243.33
522,243.414
523,243.499
524,243.583
525,243.668
526,243.752
527,243.836
528,243.921
529,244.005
530,244.09
531,244.174
532,244.259
533,244.343
534,244.427
535,244.512
536,244.596
537,244.681
538,244.765
539,244.849
540,244.934
541,245.018
542,245.103
543,245.187
544,245.272
545,245.356
546,245.44
547,245.525
548,245.609
549,245.694
550,245.778
551,245.862
552,245.947
553,246.031
554,246.116
555,246.2
556,246.285
557,246.369
558,246.453
559,246.538
560,246.622
561,246.707
562,246.791
563,246.875
564,246.96
565,247.044
566,247.129
567,247.213
568,247.298
569,247.382
570,247.466
571,247.551
572,247.635
573,247.72
574,247.804
575,247.889
576,247.973
577,248.057
578,248.142
579,248.226
580,248.311
581,248.395
582,248.479
583,248.564
584,248.648
585,248.733
586,248.817
587,248.902
588,248.986
589,249.07
590,249.155
591,249.239
592,249.324
593,249.408
594,249.492
595,249.577
596,249.661
597,249.746
598,249.83
599,249.915
600,249.999
601,250.083
602,250.168
603,250.252
604,250.337
605,250.421
606,250.505
607,250.59
608,250.674
609,250.759
610,250.843
611,250.928
612,251.012
613,251.096
614,251.181
615,251.265
616,251.35
617,251.434
618,251.519
619,251.603
620,251.687
621,251.772
622,251.856
623,251.941
624,252.025
625,252.109
626,252.194
627,252.278
628,252.363
629,252.447
630,252.532
631,252.616
632,252.7
633,252.785
634,252.869
635,252.954
636,253.038
637,253.122
638,253.207
639,253.291
640,253.376
641,253.46
642,253.545
643,253.629
644,253.713
645,253.798
646,253.882
647,253.967
648,254.051
649,254.136
650,254.22
651,254.304
652,254.389
653,254.473
654,254.558
655,254.642
656,254.726
657,254.811
658,254.895
659,254.98
660,255.064
661,255.149
662,255.233
663,255.317
664,255.402
665,255.486
666,255.571
667,255.655
668,255.74
669,255.824
670,255.908
671,255.993
672,256.077
673,256.162
674,256.246
675,256.33
676,256.415
677,256.499
678,256.584
679,256.668
680,256.753
681,256.837
682,256.921
683,257.006
684,257.09
685,257.175
686,257.259
687,257.344
688,257.428
689,257.512
690,257.597
691,257.681
692,257.766
693,257.85
694,257.934
695,258.019
696,258.103
697,258.188
698,258.272
699,258.357
700,258.441
701,258.525
702,258.61
703,258.694
704,258.779
705,258.863
706,258.948
707,259.032
708,259.116
709,259.201
710,259.285
711,259.37
712,259.454
713,259.538
714,259.623
715,259.707
716,259.792
717,259.876
718,259.961
719,260.045
720,260.129
721,260.214
722,260.298
723,260.383
724,260.467
725,260.552
726,260.636
727,260.72
728,260.805
729,260.889
730,260.974
731,261.058
732,261.142
733,261.227
734,261.311
735,261.396
736,261.48
737,261.565
738,261.649
739,261.733
740,261.818
741,261.902
742,261.987
743,262.071
744,262.156
745,262.24
746,262.324
747,262.409
748,262.493
749,262.578
750,262.662
751,262.746
752,262.831
753,262.915
754,263
755,263.084
756,263.169
757,263.253
758,263.337
759,263.422
760,263.506
761,263.591
762,263.675
763,263.76
764,263.844
765,263.928
766,264.013
767,264.097
768,264.182
769,264.266
770,264.351
771,264.435
772,264.519
773,264.604
774,264.688
775,264.773
776,264.857
777,264.941
778,265.026
779,265.11
780,265.195
781,265.279
782,265.364
783,265.448
784,265.532
785,265.617
786,265.701
787,265.786
788,265.87
789,265.955
790,266.039
791,266.123
792,266.208
793,266.292
794,266.377
795,266.461
796,266.546
797,266.63
798,266.714
799,266.799
800,266.883
801,266.968
802,267.052
803,267.136
804,267.221
805,267.305
806,267.39
807,267.474
808,267.559
809,267.643
810,267.727
811,267.812
812,267.896
813,267.981
814,268.065
815,268.15
816,268.234
817,268.318
818,268.403
819,268.487
820,268.572
821,268.656
822,268.741
823,268.825
824,268.909
825,268.994
826,269.078
827,269.163
828,269.247
829,269.331
830,269.416
831,269.5
832,269.585
833,269.669
834,269.754
835,269.838
836,269.922
837,270.007
838,270.091
839,270.176
840,270.26
841,270.345
842,270.429
843,270.513
844,270.598
845,270.682
846,270.767
847,270.851
848,270.936
849,271.02
850,271.104
851,271.189
852,271.273
853,271.358
854,271.442
855,271.526
856,271.611
857,271.695
858,271.78
859,271.864
860,271.949
861,272.033
862,272.117
863,272.202
864,272.286
865,272.371
866,272.455
867,272.54
868,272.624
869,272.708
870,272.793
871,272.877
872,272.962
873,273.046
874,273.131
875,273.215
876,273.299
877,273.384
878,273.468
879,273.553
880,273.637
881,273.722
882,273.806
883,273.89
884,273.975
885,274.059
886,274.144
887,274.228
888,274.312
889,274.397
890,274.481
891,274.566
892,274.65
893,274.735
894,274.819
895,274.903
896,274.988
897,275.072
898,275.157
899,275.241
900,275.326
901,275.41
902,275.494
903,275.579
904,275.663
905,275.748
906,275.832
907,275.917
908,276.001
909,276.085
910,276.17
911,276.254
912,276.339
913,276.423
914,276.508
915,276.592
916,276.676
917,276.761
918,276.845
919,276.93
920,277.014
921,277.099
922,277.183
923,277.267
924,277.352
925,277.436
926,277.521
927,277.605
928,277.689
929,277.774
930,277.858
931,277.943
932,278.027
933,278.112
934,278.196
935,278.28
936,278.365
937,278.449
938,278.534
939,278.618
940,278.703
941,278.787
942,278.871
943,278.956
944,279.04
945,279.125
946,279.209
947,279.294
948,279.378
949,279.462
950,279.547
951,279.631
952,279.716
953,279.8
954,279.885
955,279.969
956,280.053
957,280.138
958,280.222
959,280.307
960,280.391
961,280.476
962,280.56
963,280.644
964,280.729
965,280.813
966,280.898
967,280.982
968,281.066
969,281.151
970,281.235
971,281.32
972,281.404
973,281.489
974,281.573
975,281.657
976,281.742
977,281.826
978,281.911
979,281.995
980,282.08
981,282.164
982,282.248
983,282.333
984,282.417
985,282.502
986,282.586
987,282.671
988,282.755
989,282.839
990,282.924
991,283.008
992,283.093
993,283.177
994,283.262
995,283.346
996,283.43
997,283.515
998,283.599
999,283.684
1000,283.768
1001,283.853
1002,283.937
1003,284.021
1004,284.106
1005,284.19
1006,284.275
1007,284.359
1008,284.443
1009,284.528
1010,284.612
1011,284.697
1012,284.781
1013,284.866
1014,284.95
1015,285.034
1016,285.119
1017,285.203
1018,285.288
1019,285.372
1020,285.457
1021,285.541
1022,285.625
1023,285.71
1024,285.794
1025,285.879
1026,285.963
1027,286.048
1028,286.132
1029,286.216
1030,286.301
1031,286.385
1032,286.47
1033,286.554
1034,286.639
1035,286.723
1036,286.807
1037,286.892
1038,286.976
1039,287.061
1040,287.145
1041,287.23
1042,287.314
1043,287.398
1044,287.483
1045,287.567
1046,287.652
1047,287.736
1048,287.821
1049,287.905
1050,287.989
1051,288.074
1052,288.158
1053,288.243
1054,288.327
1055,288.412
1056,288.496
1057,288.58
1058,288.665
1059,288.749
1060,288.834
1061,288.918
1062,289.002
1063,289.087
1064,289.171
1065,289.256
1066,289.34
1067,289.425
1068,289.509
1069,289.593
1070,289.678
1071,289.762
1072,289.847
1073,289.931
1074,290.016
1075,290.1
1076,290.184
1077,290.269
1078,290.353
1079,290.438
1080,290.522
1081,290.607
1082,290.691
1083,290.775
1084,290.86
1085,290.944
1086,291.029
1087,291.113
1088,291.198
1089,291.282
1090,291.366
1091,291.451
1092,291.535
1093,291.62
1094,291.704
1095,291.789
1096,291.873
1097,291.957
1098,292.042
1099,292.126
1100,292.211
1101,292.295
1102,292.38
1103,292.464
1104,292.548
1105,292.633
1106,292.717
1107,292.802
1108,292.886
1109,292.971
1110,293.055
1111,293.139
1112,293.224
1113,293.308
1114,293.393
1115,293.477
1116,293.561
1117,293.646
1118,293.73
1119,293.815
1120,293.899
1121,293.984
1122,294.068
1123,294.152
1124,294.237
1125,294.321
1126,294.406
1127,294.49
1128,294.575
1129,294.659
1130,294.743
1131,294.828
1132,294.912
1133,294.997
1134,295.081
1135,295.166
1136,295.25
1137,295.334
1138,295.419
1139,295.503
1140,295.588
1141,295.672
1142,295.757
1143,295.841
1144,295.925
1145,296.01
1146,296.094
1147,296.179
1148,296.263
1149,296.348
1150,296.432
1151,296.516
1152,296.601
1153,296.685
1154,296.77
1155,296.854
1156,296.939
1157,297.023
1158,297.107
1159,297.192
1160,297.276
1161,297.361
1162,297.445
1163,297.53
1164,297.614
1165,297.698
1166,297.783
1167,297.867
1168,297.952
1169,298.036
1170,298.121
1171,298.205
1172,298.289
1173,298.374
1174,298.458
1175,298.543
1176,298.627
1177,298.711
1178,298.796
1179,298.88
1180,298.965
1181,299.049
1182,299.134
1183,299.218
1184,299.302
1185,299.387
1186,299.471
1187,299.556
1188,299.64
1189,299.725
1190,299.809
1191,299.893
1192,299.978
1193,300.062
1194,300.147
1195,300.231
1196,300.316
1197,300.4
1198,300.484
1199,300.569
1200,300.653
1201,300.738
1202,300.822
1203,300.907
1204,300.991
1205,301.075
1206,301.16
1207,301.244
1208,301.329
1209,301.413
1210,301.498
1211,301.582
1212,301.666
1213,301.751
1214,301.835
1215,301.92
1216,302.004
1217,302.089
1218,302.173
1219,302.257
1220,302.342
1221,302.426
1222,302.511
1223,302.595
1224,302.68
1225,302.764
1226,302.848
1227,302.933
1228,303.017
1229,303.102
1230,303.186
1231,303.271
1232,303.355
1233,303.439
1234,303.524
1235,303.608
1236,303.693
1237,303.777
1238,303.861
1239,303.946
1240,304.03
1241,304.115
1242,304.199
1243,304.284
1244,304.368
1245,304.452
1246,304.537
1247,304.621
1248,304.706
1249,304.79
1250,304.875
1251,304.959
1252,305.043
1253,305.128
1254,305.212
1255,305.297
1256,305.381
1257,305.466
1258,305.55
1259,305.634
1260,305.719
1261,305.803
1262,305.888
1263,305.972
1264,306.057
1265,306.141
1266,306.225
1267,306.31
1268,306.394
1269,306.479
1270,306.563
1271,306.648
1272,306.732
1273,306.816
1274,306.901
1275,306.985
1276,307.07
1277,307.154
1278,307.239
1279,307.323
1280,307.407
1281,307.492
1282,307.576
1283,307.661
1284,307.745
1285,307.83
1286,307.914
1287,307.998
1288,308.083
1289,308.167
1290,308.252
1291,308.336
1292,308.42
1293,308.505
1294,308.589
1295,308.674
1296,308.758
1297,308.843
1298,308.927
1299,309.011
1300,309.096
1301,309.18
1302,309.265
1303,309.349
1304,309.434
1305,309.518
1306,309.602
1307,309.687
1308,309.771
1309,309.856
1310,309.94
1311,310.025
1312,310.109
1313,310.193
1314,310.278
1315,310.362
1316,310.447
1317,310.531
1318,310.616
1319,310.7
1320,310.784
1321,310.869
1322,310.953
1323,311.038
1324,311.122
1325,311.207
1326,311.291
1327,311.375
1328,311.46
1329,311.544
1330,311.629
1331,311.713
1332,311.798
1333,311.882
1334,311.966
1335,312.051
1336,312.135
1337,312.22
1338,312.304
1339,312.388
1340,312.473
1341,312.557
1342,312.642
1343,312.726
1344,312.811
1345,312.895
1346,312.979
1347,313.064
1348,313.148
1349,313.233
1350,313.317
1351,313.402
1352,313.486
1353,313.57
1354,313.655
1355,313.739
1356,313.824
1357,313.908
1358,313.993
1359,314.077
1360,314.161
1361,314.246
1362,314.33
1363,314.415
1364,314.499
1365,314.584
1366,314.668
1367,314.752
1368,314.837
1369,314.921
1370,315.006
1371,315.09
1372,315.175
1373,315.259
1374,315.343
1375,315.428
1376,315.512
1377,315.597
1378,315.681
1379,315.766
1380,315.85
1381,315.934
1382,316.019
1383,316.103
1384,316.188
1385,316.272
1386,316.356
1387,316.441
1388,316.525
1389,316.61
1390,316.694
1391,316.779
1392,316.863
1393,316.947
1394,317.032
1395,317.116
1396,317.201
1397,317.285
1398,317.37
1399,317.454
1400,317.538
1401,317.623
1402,317.707
1403,317.792
1404,317.876
1405,317.961
1406,318.045
1407,318.129
1408,318.214
1409,318.298
1410,318.383
1411,318.467
1412,318.552
1413,318.636
1414,318.72
1415,318.805
1416,318.889
1417,318.974
1418,319.058
1419,319.143
1420,319.227
1421,319.311
1422,319.396
1423,319.48
1424,319.565
1425,319.649
1426,319.733
1427,319.818
1428,319.902
1429,319.987
1430,320.071
1431,320.156
1432,320.24
1433,320.324
1434,320.409
1435,320.493
1436,320.578
1437,320.662
1438,320.747
1439,320.831
1440,320.915
1441,321
1442,321.084
1443,321.169
1444,321.253
1445,321.338
1446,321.422
1447,321.506
1448,321.591
1449,321.675
1450,321.76
1451,321.844
1452,321.929
1453,322.013
1454,322.097
1455,322.182
1456,322.266
1457,322.351
1458,322.435
1459,322.519
1460,322.604
1461,322.688
1462,322.773
1463,322.857
1464,322.942
1465,323.026
1466,323.11
1467,323.195
1468,323.279
1469,323.364
1470,323.448
1471,323.533
1472,323.617
1473,323.701
1474,323.786
1475,323.87
1476,323.955
1477,324.039
1478,324.124
1479,324.208
1480,324.292
1481,324.377
1482,324.461
1483,324.546
1484,324.63
1485,324.715
1486,324.799
1487,324.883
1488,324.968
1489,325.052
1490,325.137
1491,325.221
1492,325.305
1493,325.39
1494,325.474
1495,325.559
1496,325.643
1497,325.728
1498,325.812
1499,325.896
1500,325.981
1501,326.065
1502,326.15
1503,326.234
1504,326.319
1505,326.403
1506,326.487
1507,326.572
1508,326.656
1509,326.741
1510,326.825
1511,326.91
1512,326.994
1513,327.078
1514,327.163
1515,327.247
1516,327.332
1517,327.416
1518,327.5
1519,327.585
1520,327.669
1521,327.754
1522,327.838
1523,327.923
1524,328.007
1525,328.091
1526,328.176
1527,328.26
1528,328.345
1529,328.429
1530,328.514
1531,328.598
1532,328.682
1533,328.767
1534,328.851
1535,328.936
1536,329.02
1537,329.105
1538,329.189
1539,329.273
1540,329.358
1541,329.442
1542,329.527
1543,329.611
1544,329.695
1545,329.78
1546,329.864
1547,329.949
1548,330.033
1549,330.118
1550,330.202
1551,330.286
1552,330.371
1553,330.455
1554,330.54
1555,330.624
1556,330.709
1557,330.793
1558,330.877
1559,330.962
1560,331.046
1561,331.131
1562,331.215
1563,331.3
1564,331.384
1565,331.468
1566,331.553
1567,331.637
1568,331.722
1569,331.806
1570,331.89
1571,331.975
1572,332.059
1573,332.144
1574,332.228
1575,332.313
1576,332.397
1577,332.481
1578,332.566
1579,332.65
1580,332.735
1581,332.819
1582,332.904
1583,332.988
1584,333.072
1585,333.157
1586,333.241
1587,333.326
1588,333.41
1589,333.494
1590,333.579
1591,333.663
1592,333.748
1593,333.832
1594,333.917
1595,334.001
1596,334.085
1597,334.17
1598,334.254
1599,334.339
1600,334.423
1601,334.508
1602,334.592
1603,334.676
1604,334.761
1605,334.845
1606,334.93
1607,335.014
1608,335.099
1609,335.183
1610,335.267
1611,335.352
1612,335.436
1613,335.521
1614,335.605
1615,335.689
1616,335.774
1617,335.858
1618,335.943
1619,336.027
1620,336.112
1621,336.196
1622,336.28
1623,336.365
1624,336.449
1625,336.534
1626,336.618
1627,336.703
1628,336.787
1629,336.871
1630,336.956
1631,337.04
1632,337.125
1633,337.209
1634,337.293
1635,337.378
1636,337.462
1637,337.547
1638,337.631
1639,337.716
1640,337.8
1641,337.884
1642,337.969
1643,338.053
1644,338.138
1645,338.222
1646,338.307
1647,338.391
1648,338.475
1649,338.56
1650,338.644
1651,338.729
1652,338.813
1653,338.897
1654,338.982
1655,339.066
1656,339.151
1657,339.235
1658,339.32
1659,339.404
1660,339.488
1661,339.573
1662,339.657
1663,339.742
1664,339.826
1665,339.911
1666,339.995
1667,340.079
1668,340.164
1669,340.248
1670,340.333
1671,340.417
1672,340.501
1673,340.586
1674,340.67
1675,340.755
1676,340.839
1677,340.924
1678,341.008
1679,341.092
1680,341.177
1681,341.261
1682,341.346
1683,341.43
1684,341.514
1685,341.599
1686,341.683
1687,341.768
1688,341.852
1689,341.937
1690,342.021
1691,342.105
1692,342.19
1693,342.274
1694,342.359
1695,342.443
1696,342.528
1697,342.612
1698,342.696
1699,342.781
1700,342.865
1701,342.95
1702,343.034
1703,343.118
1704,343.203
1705,343.287
1706,343.372
1707,343.456
1708,343.541
1709,343.625
1710,343.709
1711,343.794
1712,343.878
1713,343.963
1714,344.047
1715,344.131
1716,344.216
1717,344.3
1718,344.385
1719,344.469
1720,344.554
1721,344.638
1722,344.722
1723,344.807
1724,344.891
1725,344.976
1726,345.06
1727,345.145
1728,345.229
1729,345.313
1730,345.398
1731,345.482
1732,345.567
1733,345.651
1734,345.735
1735,345.82
1736,345.904
1737,345.989
1738,346.073
1739,346.158
1740,346.242
1741,346.326
1742,346.411
1743,346.495
1744,346.58
1745,346.664
1746,346.748
1747,346.833
1748,346.917
1749,347.002
1750,347.086
1751,347.171
1752,347.255
1753,347.339
1754,347.424
1755,347.508
1756,347.593
1757,347.677
1758,347.761
1759,347.846
1760,347.93
1761,348.015
1762,348.099
1763,348.184
1764,348.268
1765,348.352
1766,348.437
1767,348.521
1768,348.606
1769,348.69
1770,348.775
1771,348.859
1772,348.943
1773,349.028
1774,349.112
1775,349.197
1776,349.281
1777,349.365
1778,349.45
1779,349.534
1780,349.619
1781,349.703
1782,349.788
1783,349.872
1784,349.956
1785,350.041
1786,350.125
1787,350.21
1788,350.294
1789,350.378
1790,350.463
1791,350.547
1792,350.632
1793,350.716
1794,350.801
1795,350.885
1796,350.969
1797,351.054
1798,351.138
1799,351.223
1800,351.307
1801,351.391
1802,351.476
1803,351.56
1804,351.645
1805,351.729
1806,351.814
1807,351.898
1808,351.982
1809,352.067
1810,352.151
1811,352.236
1812,352.32
1813,352.404
1814,352.489
1815,352.573
1816,352.658
1817,352.742
1818,352.827
1819,352.911
1820,352.995
1821,353.08
1822,353.164
1823,353.249
1824,353.333
1825,353.417
1826,353.502
1827,353.586
1828,353.671
1829,353.755
1830,353.84
1831,353.924
1832,354.008
1833,354.093
1834,354.177
1835,354.262
1836,354.346
1837,354.43
1838,354.515
1839,354.599
1840,354.684
1841,354.768
1842,354.853
1843,354.937
1844,355.021
1845,355.106
1846,355.19
1847,355.275
1848,355.359
1849,355.443
1850,355.528
1851,355.612
1852,355.697
1853,355.781
1854,355.865
1855,355.95
1856,356.034
1857,356.119
1858,356.203
1859,356.288
1860,356.372
1861,356.456
1862,356.541
1863,356.625
1864,356.71
1865,356.794
1866,356.878
1867,356.963
1868,357.047
1869,357.132
1870,357.216
1871,357.301
1872,357.385
1873,357.469
1874,357.554
1875,357.638
1876,357.723
1877,357.807
1878,357.891
1879,357.976
1880,358.06
1881,358.145
1882,358.229
1883,358.314
1884,358.398
1885,358.482
1886,358.567
1887,358.651
1888,358.736
1889,358.82
1890,358.904
1891,358.989
1892,359.073
1893,359.158
1894,359.242
1895,359.326
1896,359.411
1897,359.495
1898,359.58
1899,359.664
1900,359.749
1901,359.833
1902,359.917
1903,360.002
1904,360.086
1905,360.171
1906,360.255
1907,360.339
1908,360.424
1909,360.508
1910,360.593
1911,360.677
1912,360.762
1913,360.846
1914,360.93
1915,361.015
1916,361.099
1917,361.184
1918,361.268
1919,361.352
1920,361.437
1921,361.521
1922,361.606
1923,361.69
1924,361.774
1925,361.859
1926,361.943
1927,362.028
1928,362.112
1929,362.197
1930,362.281
1931,362.365
1932,362.45
1933,362.534
1934,362.619
1935,362.703
1936,362.787
1937,362.872
1938,362.956
1939,363.041
1940,363.125
1941,363.209
1942,363.294
1943,363.378
1944,363.463
1945,363.547
1946,363.632
1947,363.716
1948,363.8
1949,363.885
1950,363.969
1951,364.054
1952,364.138
1953,364.222
1954,364.307
1955,364.391
1956,364.476
1957,364.56
1958,364.644
1959,364.729
1960,364.813
1961,364.898
1962,364.982
1963,365.067
1964,365.151
1965,365.235
1966,365.32
1967,365.404
1968,365.489
1969,365.573
1970,365.657
1971,365.742
1972,365.826
1973,365.911
1974,365.995
1975,366.079
1976,366.164
1977,366.248
1978,366.333
1979,366.417
1980,366.502
1981,366.586
1982,366.67
1983,366.755
1984,366.839
1985,366.924
1986,367.008
1987,367.092
1988,367.177
1989,367.261
1990,367.346
1991,367.43
1992,367.514
1993,367.599
1994,367.683
1995,367.768
1996,367.852
1997,367.937
1998,368.021
1999,368.105
2000,368.19
2001,368.274
2002,368.359
2003,368.443
2004,368.527
2005,368.612
2006,368.696
2007,368.781
2008,368.865
2009,368.949
2010,369.034
2011,369.118
2012,369.203
2013,369.287
2014,369.371
2015,369.456
2016,369.54
2017,369.625
2018,369.709
2019,369.794
2020,369.878
2021,369.962
2022,370.047
2023,370.131
2024,370.216
2025,370.3
2026,370.384
2027,370.469
2028,370.553
2029,370.638
2030,370.722
2031,370.806
2032,370.891
2033,370.975
2034,371.06
2035,371.144
2036,371.228
2037,371.313
2038,371.397
2039,371.482
2040,371.566
2041,371.651
2042,371.735
2043,371.819
2044,371.904
2045,371.988
2046,372.073
2047,372.157
2048,372.241
2049,372.326
2050,372.41
2051,372.495
2052,372.579
2053,372.663
2054,372.748
2055,372.832
2056,372.917
2057,373.001
2058,373.085
2059,373.17
2060,373.254
2061,373.339
2062,373.423
2063,373.507
2064,373.592
2065,373.676
2066,373.761
2067,373.845
2068,373.93
2069,374.014
2070,374.098
2071,374.183
2072,374.267
2073,374.352
2074,374.436
2075,374.52
2076,374.605
2077,374.689
2078,374.774
2079,374.858
2080,374.942
2081,375.027
2082,375.111
2083,375.196
2084,375.28
2085,375.364
2086,375.449
2087,375.533
2088,375.618
2089,375.702
2090,375.786
2091,375.871
2092,375.955
2093,376.04
2094,376.124
2095,376.209
2096,376.293
2097,376.377
2098,376.462
2099,376.546
2100,376.631
2101,376.715
2102,376.799
2103,376.884
2104,376.968
2105,377.053
2106,377.137
2107,377.221
2108,377.306
2109,377.39
2110,377.475
2111,377.559
2112,377.643
2113,377.728
2114,377.812
2115,377.897
2116,377.981
2117,378.065
2118,378.15
2119,378.234
2120,378.319
2121,378.403
2122,378.487
2123,378.572
2124,378.656
2125,378.741
2126,378.825
2127,378.909
2128,378.994
2129,379.078
2130,379.163
2131,379.247
2132,379.331
2133,379.416
2134,379.5
2135,379.585
2136,379.669
2137,379.754
2138,379.838
2139,379.922
2140,380.007
2141,380.091
2142,380.176
2143,380.26
2144,380.344
2145,380.429
2146,380.513
2147,380.598
2148,380.682
2149,380.766
2150,380.851
2151,380.935
2152,381.02
2153,381.104
2154,381.188
2155,381.273
2156,381.357
2157,381.442
2158,381.526
2159,381.61
2160,381.695
2161,381.779
2162,381.864
2163,381.948
2164,382.032
2165,382.117
2166,382.201
2167,382.286
2168,382.37
2169,382.454
2170,382.539
2171,382.623
2172,382.708
2173,382.792
2174,382.876
2175,382.961
2176,383.045
2177,383.13
2178,383.214
2179,383.298
2180,383.383
2181,383.467
2182,383.552
2183,383.636
2184,383.72
2185,383.805
2186,383.889
2187,383.974
2188,384.058
2189,384.142
2190,384.227
2191,384.311
2192,384.396
2193,384.48
2194,384.564
2195,384.649
2196,384.733
2197,384.818
2198,384.902
2199,384.986
2200,385.071
2201,385.155
2202,385.24
2203,385.324
2204,385.409
2205,385.493
2206,385.577
2207,385.662
2208,385.746
2209,385.831
2210,385.915
2211,385.999
2212,386.084
2213,386.168
2214,386.253
2215,386.337
2216,386.421
2217,386.506
2218,386.59
2219,386.675
2220,386.759
2221,386.843
2222,386.928
2223,387.012
2224,387.097
2225,387.181
2226,387.265
2227,387.35
2228,387.434
2229,387.519
2230,387.603
2231,387.687
2232,387.772
2233,387.856
2234,387.941
2235,388.025
2236,388.109
2237,388.194
2238,388.278
2239,388.363
2240,388.447
2241,388.531
2242,388.616
2243,388.7
2244,388.785
2245,388.869
2246,388.953
2247,389.038
2248,389.122
2249,389.207
2250,389.291
2251,389.375
2252,389.46
2253,389.544
2254,389.628
2255,389.713
2256,389.797
2257,389.882
2258,389.966
2259,390.05
2260,390.135
2261,390.219
2262,390.304
2263,390.388
2264,390.472
2265,390.557
2266,390.641
2267,390.726
2268,390.81
2269,390.894
2270,390.979
2271,391.063
2272,391.148
2273,391.232
2274,391.316
2275,391.401
2276,391.485
2277,391.57
2278,391.654
2279,391.738
2280,391.823
2281,391.907
2282,391.992
2283,392.076
2284,392.16
2285,392.245
2286,392.329
2287,392.414
2288,392.498
2289,392.582
2290,392.667
2291,392.751
2292,392.836
2293,392.92
2294,393.004
2295,393.089
2296,393.173
2297,393.258
2298,393.342
2299,393.426
2300,393.511
2301,393.595
2302,393.68
2303,393.764
2304,393.848
2305,393.933
2306,394.017
2307,394.102
2308,394.186
2309,394.27
2310,394.355
2311,394.439
2312,394.524
2313,394.608
2314,394.692
2315,394.777
2316,394.861
2317,394.946
2318,395.03
2319,395.114
2320,395.199
2321,395.283
2322,395.367
2323,395.452
2324,395.536
2325,395.621
2326,395.705
2327,395.789
2328,395.874
2329,395.958
2330,396.043
2331,396.127
2332,396.211
2333,396.296
2334,396.38
2335,396.465
2336,396.549
2337,396.633
2338,396.718
2339,396.802
2340,396.887
2341,396.971
2342,397.055
2343,397.14
2344,397.224
2345,397.309
2346,397.393
2347,397.477
2348,397.562
2349,397.646
2350,397.731
2351,397.815
2352,397.899
2353,397.984
2354,398.068
2355,398.152
2356,398.237
2357,398.321
2358,398.406
2359,398.49
2360,398.574
2361,398.659
2362,398.743
2363,398.828
2364,398.912
2365,398.996
2366,399.081
2367,399.165
2368,399.25
2369,399.334
2370,399.418
2371,399.503
2372,399.587
2373,399.672
2374,399.756
2375,399.84
2376,399.925
2377,400.009
2378,400.094
2379,400.178
2380,400.262
2381,400.347
2382,400.431
2383,400.515
2384,400.6
2385,400.684
2386,400.769
2387,400.853
2388,400.937
2389,401.022
2390,401.106
2391,401.191
2392,401.275
2393,401.359
2394,401.444
2395,401.528
2396,401.613
2397,401.697
2398,401.781
2399,401.866
2400,401.95
2401,402.035
2402,402.119
2403,402.203
2404,402.288
2405,402.372
2406,402.456
2407,402.541
2408,402.625
2409,402.71
2410,402.794
2411,402.878
2412,402.963
2413,403.047
2414,403.132
2415,403.216
2416,403.3
2417,403.385
2418,403.469
2419,403.554
2420,403.638
2421,403.722
2422,403.807
2423,403.891
2424,403.975
2425,404.06
2426,404.144
2427,404.229
2428,404.313
2429,404.397
2430,404.482
2431,404.566
2432,404.651
2433,404.735
2434,404.819
2435,404.904
2436,404.988
2437,405.073
2438,405.157
2439,405.241
2440,405.326
2441,405.41
2442,405.494
2443,405.579
2444,405.663
2445,405.748
2446,405.832
2447,405.916
2448,406.001
2449,406.085
2450,406.17
2451,406.254
2452,406.338
2453,406.423
2454,406.507
2455,406.592
2456,406.676
2457,406.76
2458,406.845
2459,406.929
2460,407.013
2461,407.098
2462,407.182
2463,407.267
2464,407.351
2465,407.435
2466,407.52
2467,407.604
2468,407.689
2469,407.773
2470,407.857
2471,407.942
2472,408.026
2473,408.111
2474,408.195
2475,408.279
2476,408.364
2477,408.448
2478,408.532
2479,408.617
2480,408.701
2481,408.786
2482,408.87
2483,408.954
2484,409.039
2485,409.123
2486,409.208
2487,409.292
2488,409.376
2489,409.461
2490,409.545
2491,409.629
2492,409.714
2493,409.798
2494,409.883
2495,409.967
2496,410.051
2497,410.136
2498,410.22
2499,410.305
2500,410.389
2501,410.473
2502,410.558
2503,410.642
2504,410.726
2505,410.811
2506,410.895
2507,410.98
2508,411.064
2509,411.148
2510,411.233
2511,411.317
2512,411.402
2513,411.486
2514,411.57
2515,411.655
2516,411.739
2517,411.823
2518,411.908
2519,411.992
2520,412.077
2521,412.161
2522,412.245
2523,412.33
2524,412.414
2525,412.499
2526,412.583
2527,412.667
2528,412.752
2529,412.836
2530,412.92
2531,413.005
2532,413.089
2533,413.174
2534,413.258
2535,413.342
2536,413.427
2537,413.511
2538,413.595
2539,413.68
2540,413.764
2541,413.849
2542,413.933
2543,414.017
2544,414.102
2545,414.186
2546,414.271
2547,414.355
2548,414.439
2549,414.524
2550,414.608
2551,414.692
2552,414.777
2553,414.861
2554,414.946
2555,415.03
2556,415.114
2557,415.199
2558,415.283
2559,415.368
2560,415.452
2561,415.536
2562,415.621
2563,415.705
2564,415.789
2565,415.874
2566,415.958
2567,416.043
2568,416.127
2569,416.211
2570,416.296
2571,416.38
2572,416.464
2573,416.549
2574,416.633
2575,416.718
2576,416.802
2577,416.886
2578,416.971
2579,417.055
2580,417.14
2581,417.224
2582,417.308
2583,417.393
2584,417.477
2585,417.561
2586,417.646
2587,417.73
2588,417.815
2589,417.899
2590,417.983
2591,418.068
2592,418.152
2593,418.236
2594,418.321
2595,418.405
2596,418.49
2597,418.574
2598,418.658
2599,418.743
2600,418.827
2601,418.911
2602,418.996
2603,419.08
2604,419.165
2605,419.249
2606,419.333
2607,419.418
2608,419.502
2609,419.586
2610,419.671
2611,419.755
2612,419.84
2613,419.924
2614,420.008
2615,420.093
2616,420.177
2617,420.262
2618,420.346
2619,420.43
2620,420.515
2621,420.599
2622,420.683
2623,420.768
2624,420.852
2625,420.937
2626,421.021
2627,421.105
2628,421.19
2629,421.274
2630,421.358
2631,421.443
2632,421.527
2633,421.612
2634,421.696
2635,421.78
2636,421.865
2637,421.949
2638,422.033
2639,422.118
2640,422.202
2641,422.287
2642,422.371
2643,422.455
2644,422.54
2645,422.624
2646,422.708
2647,422.793
2648,422.877
2649,422.962
2650,423.046
2651,423.13
2652,423.215
2653,423.299
2654,423.383
2655,423.468
2656,423.552
2657,423.637
2658,423.721
2659,423.805
2660,423.89
2661,423.974
2662,424.058
2663,424.143
2664,424.227
2665,424.312
2666,424.396
2667,424.48
2668,424.565
2669,424.649
2670,424.733
2671,424.818
2672,424.902
2673,424.987
2674,425.071
2675,425.155
2676,425.24
2677,425.324
2678,425.408
2679,425.493
2680,425.577
2681,425.662
2682,425.746
2683,425.83
2684,425.915
2685,425.999
2686,426.083
2687,426.168
2688,426.252
2689,426.336
2690,426.421
2691,426.505
2692,426.59
2693,426.674
2694,426.758
2695,426.843
2696,426.927
2697,427.011
2698,427.096
2699,427.18
2700,427.265
2701,427.349
2702,427.433
2703,427.518
2704,427.602
2705,427.686
2706,427.771
2707,427.855
2708,427.94
2709,428.024
2710,428.108
2711,428.193
2712,428.277
2713,428.361
2714,428.446
2715,428.53
2716,428.615
2717,428.699
2718,428.783
2719,428.868
2720,428.952
2721,429.036
2722,429.121
2723,429.205
2724,429.289
2725,429.374
2726,429.458
2727,429.543
2728,429.627
2729,429.711
2730,429.796
2731,429.88
2732,429.964
2733,430.049
2734,430.133
2735,430.218
2736,430.302
2737,430.386
2738,430.471
2739,430.555
2740,430.639
2741,430.724
2742,430.808
2743,430.892
2744,430.977
2745,431.061
2746,431.146
2747,431.23
2748,431.314
2749,431.399
2750,431.483
2751,431.567
2752,431.652
2753,431.736
2754,431.821
2755,431.905
2756,431.989
2757,432.074
2758,432.158
2759,432.242
2760,432.327
2761,432.411
2762,432.495
2763,432.58
2764,432.664
2765,432.749
2766,432.833
2767,432.917
2768,433.002
2769,433.086
2770,433.17
2771,433.255
2772,433.339
2773,433.424
2774,433.508
2775,433.592
2776,433.677
2777,433.761
2778,433.845
2779,433.93
2780,434.014
2781,434.098
2782,434.183
2783,434.267
2784,434.352
2785,434.436
2786,434.52
2787,434.605
2788,434.689
2789,434.773
2790,434.858
2791,434.942
2792,435.026
2793,435.111
2794,435.195
2795,435.28
2796,435.364
2797,435.448
2798,435.533
2799,435.617
2800,435.701
2801,435.786
2802,435.87
2803,435.954
2804,436.039
2805,436.123
2806,436.208
2807,436.292
2808,436.376
2809,436.461
2810,436.545
2811,436.629
2812,436.714
2813,436.798
2814,436.882
2815,436.967
2816,437.051
2817,437.136
2818,437.22
2819,437.304
2820,437.389
2821,437.473
2822,437.557
2823,437.642
2824,437.726
2825,437.81
2826,437.895
2827,437.979
2828,438.064
2829,438.148
2830,438.232
2831,438.317
2832,438.401
2833,438.485
2834,438.57
2835,438.654
2836,438.738
2837,438.823
2838,438.907
2839,438.992
2840,439.076
2841,439.16
2842,439.245
2843,439.329
2844,439.413
2845,439.498
2846,439.582
2847,439.666
2848,439.751
2849,439.835
2850,439.919
2851,440.004
2852,440.088
2853,440.173
2854,440.257
2855,440.341
2856,440.426
2857,440.51
2858,440.594
2859,440.679
2860,440.763
2861,440.847
2862,440.932
2863,441.016
2864,441.101
2865,441.185
2866,441.269
2867,441.354
2868,441.438
2869,441.522
2870,441.607
2871,441.691
2872,441.775
2873,441.86
2874,441.944
2875,442.028
2876,442.113
2877,442.197
2878,442.282
2879,442.366
2880,442.45
2881,442.535
2882,442.619
2883,442.703
2884,442.788
2885,442.872
2886,442.956
2887,443.041
2888,443.125
2889,443.209
2890,443.294
2891,443.378
2892,443.463
2893,443.547
2894,443.631
2895,443.716
2896,443.8
2897,443.884
2898,443.969
2899,444.053
2900,444.137
2901,444.222
2902,444.306
2903,444.39
2904,444.475
2905,444.559
2906,444.644
2907,444.728
2908,444.812
2909,444.897
2910,444.981
2911,445.065
2912,445.15
2913,445.234
2914,445.318
2915,445.403
2916,445.487
2917,445.571
2918,445.656
2919,445.74
2920,445.824
2921,445.909
2922,445.993
2923,446.078
2924,446.162
2925,446.246
2926,446.331
2927,446.415
2928,446.499
2929,446.584
2930,446.668
2931,446.752
2932,446.837
2933,446.921
2934,447.005
2935,447.09
2936,447.174
2937,447.259
2938,447.343
2939,447.427
2940,447.512
2941,447.596
2942,447.68
2943,447.765
2944,447.849
2945,447.933
2946,448.018
2947,448.102
2948,448.186
2949,448.271
2950,448.355
2951,448.439
2952,448.524
2953,448.608
2954,448.693
2955,448.777
2956,448.861
2957,448.946
2958,449.03
2959,449.114
2960,449.199
2961,449.283
2962,449.367
2963,449.452
2964,449.536
2965,449.62
2966,449.705
2967,449.789
2968,449.873
2969,449.958
2970,450.042
2971,450.126
2972,450.211
2973,450.295
2974,450.38
2975,450.464
2976,450.548
2977,450.633
2978,450.717
2979,450.801
2980,450.886
2981,450.97
2982,451.054
2983,451.139
2984,451.223
2985,451.307
2986,451.392
2987,451.476
2988,451.56
2989,451.645
2990,451.729
2991,451.813
2992,451.898
2993,451.982
2994,452.067
2995,452.151
2996,452.235
2997,452.32
2998,452.404
2999,452.488
3000,452.573
3001,452.657
3002,452.741
3003,452.826
3004,452.91
3005,452.994
3006,453.079
3007,453.163
3008,453.247
3009,453.332
3010,453.416
3011,453.5
3012,453.585
3013,453.669
3014,453.753
3015,453.838
3016,453.922
3017,454.007
3018,454.091
3019,454.175
3020,454.26
3021,454.344
3022,454.428
3023,454.513
3024,454.597
3025,454.681
3026,454.766
3027,454.85
3028,454.934
3029,455.019
3030,455.103
3031,455.187
3032,455.272
3033,455.356
3034,455.44
3035,455.525
3036,455.609
3037,455.693
3038,455.778
3039,455.862
3040,455.946
3041,456.031
3042,456.115
3043,456.199
3044,456.284
3045,456.368
3046,456.453
3047,456.537
3048,456.621
3049,456.706
3050,456.79
3051,456.874
3052,456.959
3053,457.043
3054,457.127
3055,457.212
3056,457.296
3057,457.38
3058,457.465
3059,457.549
3060,457.633
3061,457.718
3062,457.802
3063,457.886
3064,457.971
3065,458.055
3066,458.139
3067,458.224
3068,458.308
3069,458.392
3070,458.477
3071,458.561
3072,458.645
3073,458.73
3074,458.814
3075,458.898
3076,458.983
3077,459.067
3078,459.151
3079,459.236
3080,459.32
3081,459.405
3082,459.489
3083,459.573
3084,459.658
3085,459.742
3086,459.826
3087,459.911
3088,459.995
3089,460.079
3090,460.164
3091,460.248
3092,460.332
3093,460.417
3094,460.501
3095,460.585
3096,460.67
3097,460.754
3098,460.838
3099,460.923
3100,461.007
3101,461.091
3102,461.176
3103,461.26
3104,461.344
3105,461.429
3106,461.513
3107,461.597
3108,461.682
3109,461.766
3110,461.85
3111,461.935
3112,462.019
3113,462.103
3114,462.188
3115,462.272
3116,462.356
3117,462.441
3118,462.525
3119,462.609
3120,462.694
3121,462.778
3122,462.862
3123,462.947
3124,463.031
3125,463.115
3126,463.2
3127,463.284
3128,463.368
3129,463.453
3130,463.537
3131,463.621
3132,463.706
3133,463.79
3134,463.874
3135,463.959
3136,464.043
3137,464.127
3138,464.212
3139,464.296
3140,464.38
3141,464.465
3142,464.549
3143,464.633
3144,464.718
3145,464.802
3146,464.886
3147,464.971
3148,465.055
3149,465.139
3150,465.224
3151,465.308
3152,465.393
3153,465.477
3154,465.561
3155,465.646
3156,465.73
3157,465.814
3158,465.899
3159,465.983
3160,466.067
3161,466.152
3162,466.236
3163,466.32
3164,466.405
3165,466.489
3166,466.573
3167,466.658
3168,466.742
3169,466.826
3170,466.911
3171,466.995
3172,467.079
3173,467.164
3174,467.248
3175,467.332
3176,467.417
3177,467.501
3178,467.585
3179,467.67
3180,467.754
3181,467.838
3182,467.922
3183,468.007
3184,468.091
3185,468.175
3186,468.26
3187,468.344
3188,468.428
3189,468.513
3190,468.597
3191,468.681
3192,468.766
3193,468.85
3194,468.934
3195,469.019
3196,469.103
3197,469.187
3198,469.272
3199,469.356
3200,469.44
3201,469.525
3202,469.609
3203,469.693
3204,469.778
3205,469.862
3206,469.946
3207,470.031
3208,470.115
3209,470.199
3210,470.284
3211,470.368
3212,470.452
3213,470.537
3214,470.621
3215,470.705
3216,470.79
3217,470.874
3218,470.958
3219,471.043
3220,471.127
3221,471.211
3222,471.296
3223,471.38
3224,471.464
3225,471.549
3226,471.633
3227,471.717
3228,471.802
3229,471.886
3230,471.97
3231,472.055
3232,472.139
3233,472.223
3234,472.308
3235,472.392
3236,472.476
3237,472.561
3238,472.645
3239,472.729
3240,472.814
3241,472.898
3242,472.982
3243,473.067
3244,473.151
3245,473.235
3246,473.32
3247,473.404
3248,473.488
3249,473.573
3250,473.657
3251,473.741
3252,473.825
3253,473.91
3254,473.994
3255,474.078
3256,474.163
3257,474.247
3258,474.331
3259,474.416
3260,474.5
3261,474.584
3262,474.669
3263,474.753
3264,474.837
3265,474.922
3266,475.006
3267,475.09
3268,475.175
3269,475.259
3270,475.343
3271,475.428
3272,475.512
3273,475.596
3274,475.681
3275,475.765
3276,475.849
3277,475.934
3278,476.018
3279,476.102
3280,476.187
3281,476.271
3282,476.355
3283,476.44
3284,476.524
3285,476.608
3286,476.692
3287,476.777
3288,476.861
3289,476.945
3290,477.03
3291,477.114
3292,477.198
3293,477.283
3294,477.367
3295,477.451
3296,477.536
3297,477.62
3298,477.704
3299,477.789
3300,477.873
3301,477.957
3302,478.042
3303,478.126
3304,478.21
3305,478.295
3306,478.379
3307,478.463
3308,478.548
3309,478.632
3310,478.716
3311,478.8
3312,478.885
3313,478.969
3314,479.053
3315,479.138
3316,479.222
3317,479.306
3318,479.391
3319,479.475
3320,479.559
3321,479.644
3322,479.728
3323,479.812
3324,479.897
3325,479.981
3326,480.065
3327,480.15
3328,480.234
3329,480.318
3330,480.403
3331,480.487
3332,480.571
3333,480.655
3334,480.74
3335,480.824
3336,480.908
3337,480.993
3338,481.077
3339,481.161
3340,481.246
3341,481.33
3342,481.414
3343,481.499
3344,481.583
3345,481.667
3346,481.752
3347,481.836
3348,481.92
3349,482.005
3350,482.089
3351,482.173
3352,482.258
3353,482.342
3354,482.426
3355,482.51
3356,482.595
3357,482.679
3358,482.763
3359,482.848
3360,482.932
3361,483.016
3362,483.101
3363,483.185
3364,483.269
3365,483.354
3366,483.438
3367,483.522
3368,483.607
3369,483.691
3370,483.775
3371,483.859
3372,483.944
3373,484.028
3374,484.112
3375,484.197
3376,484.281
3377,484.365
3378,484.45
3379,484.534
3380,484.618
3381,484.703
3382,484.787
3383,484.871
3384,484.956
3385,485.04
3386,485.124
3387,485.208
3388,485.293
3389,485.377
3390,485.461
3391,485.546
3392,485.63
3393,485.714
3394,485.799
3395,485.883
3396,485.967
3397,486.052
3398,486.136
3399,486.22
3400,486.305
3401,486.389
3402,486.473
3403,486.557
3404,486.642
3405,486.726
3406,486.81
3407,486.895
3408,486.979
3409,487.063
3410,487.148
3411,487.232
3412,487.316
3413,487.401
3414,487.485
3415,487.569
3416,487.653
3417,487.738
3418,487.822
3419,487.906
3420,487.991
3421,488.075
3422,488.159
3423,488.244
3424,488.328
3425,488.412
3426,488.497
3427,488.581
3428,488.665
3429,488.749
3430,488.834
3431,488.918
3432,489.002
3433,489.087
3434,489.171
3435,489.255
3436,489.34
3437,489.424
3438,489.508
3439,489.593
3440,489.677
3441,489.761
3442,489.845
3443,489.93
3444,490.014
3445,490.098
3446,490.183
3447,490.267
3448,490.351
3449,490.436
3450,490.52
3451,490.604
3452,490.689
3453,490.773
3454,490.857
3455,490.941
3456,491.026
3457,491.11
3458,491.194
3459,491.279
3460,491.363
3461,491.447
3462,491.532
3463,491.616
3464,491.7
3465,491.784
3466,491.869
3467,491.953
3468,492.037
3469,492.122
3470,492.206
3471,492.29
3472,492.375
3473,492.459
3474,492.543
3475,492.627
3476,492.712
3477,492.796
3478,492.88
3479,492.965
3480,493.049
3481,493.133
3482,493.218
3483,493.302
3484,493.386
3485,493.471
3486,493.555
3487,493.639
3488,493.723
3489,493.808
3490,493.892
3491,493.976
3492,494.061
3493,494.145
3494,494.229
3495,494.314
3496,494.398
3497,494.482
3498,494.566
3499,494.651
3500,494.735
3501,494.819
3502,494.904
3503,494.988
3504,495.072
3505,495.157
3506,495.241
3507,495.325
3508,495.409
3509,495.494
3510,495.578
3511,495.662
3512,495.747
3513,495.831
3514,495.915
3515,495.999
3516,496.084
3517,496.168
3518,496.252
3519,496.337
3520,496.421
3521,496.505
3522,496.59
3523,496.674
3524,496.758
3525,496.842
3526,496.927
3527,497.011
3528,497.095
3529,497.18
3530,497.264
3531,497.348
3532,497.433
3533,497.517
3534,497.601
3535,497.685
3536,497.77
3537,497.854
3538,497.938
3539,498.023
3540,498.107
3541,498.191
3542,498.276
3543,498.36
3544,498.444
3545,498.528
3546,498.613
3547,498.697
3548,498.781
3549,498.866
3550,498.95
3551,499.034
3552,499.118
3553,499.203
3554,499.287
3555,499.371
3556,499.456
3557,499.54
3558,499.624
3559,499.709
3560,499.793
3561,499.877
3562,499.961
3563,500.046
3564,500.13
3565,500.214
3566,500.299
3567,500.383
3568,500.467
3569,500.551
3570,500.636
3571,500.72
3572,500.804
3573,500.889
3574,500.973
3575,501.057
3576,501.141
3577,501.226
3578,501.31
3579,501.394
3580,501.479
3581,501.563
3582,501.647
3583,501.732
3584,501.816
3585,501.9
3586,501.984
3587,502.069
3588,502.153
3589,502.237
3590,502.322
3591,502.406
3592,502.49
3593,502.574
3594,502.659
3595,502.743
3596,502.827
3597,502.912
3598,502.996
3599,503.08
3600,503.164
3601,503.249
3602,503.333
3603,503.417
3604,503.502
3605,503.586
3606,503.67
3607,503.754
3608,503.839
3609,503.923
3610,504.007
3611,504.092
3612,504.176
3613,504.26
3614,504.344
3615,504.429
3616,504.513
3617,504.597
3618,504.682
3619,504.766
3620,504.85
3621,504.934
3622,505.019
3623,505.103
3624,505.187
3625,505.272
3626,505.356
3627,505.44
3628,505.524
3629,505.609
3630,505.693
3631,505.777
3632,505.862
3633,505.946
3634,506.03
3635,506.114
3636,506.199
3637,506.283
3638,506.367
3639,506.452
3640,506.536
3641,506.62
3642,506.704
3643,506.789
3644,506.873
3645,506.957
3646,507.042
3647,507.126
3648,507.21
3649,507.294
3650,507.379
3651,507.463
3652,507.547
3653,507.632
3654,507.716
3655,507.8
3656,507.884
3657,507.969
3658,508.053
3659,508.137
3660,508.222
3661,508.306
3662,508.39
3663,508.474
3664,508.559
3665,508.643
3666,508.727
3667,508.812
3668,508.896
3669,508.98
3670,509.064
3671,509.149
3672,509.233
3673,509.317
3674,509.401
3675,509.486
3676,509.57
3677,509.654
3678,509.739
3679,509.823
3680,509.907
3681,509.991
3682,510.076
3683,510.16
3684,510.244
3685,510.329
3686,510.413
3687,510.497
3688,510.581
3689,510.666
3690,510.75
3691,510.834
3692,510.918
3693,511.003
3694,511.087
3695,511.171
3696,511.256
3697,511.34
3698,511.424
3699,511.508
3700,511.593
3701,511.677
3702,511.761
3703,511.846
3704,511.93
3705,512.014
3706,512.098
3707,512.183
3708,512.267
3709,512.351
3710,512.435
3711,512.52
3712,512.604
3713,512.688
3714,512.773
3715,512.857
3716,512.941
3717,513.025
3718,513.11
3719,513.194
3720,513.278
3721,513.363
3722,513.447
3723,513.531
3724,513.615
3725,513.7
3726,513.784
3727,513.868
3728,513.952
3729,514.037
3730,514.121
3731,514.205
3732,514.29
3733,514.374
3734,514.458
3735,514.542
3736,514.627
3737,514.711
3738,514.795
3739,514.879
3740,514.964
3741,515.048
3742,515.132
3743,515.217
3744,515.301
3745,515.385
3746,515.469
3747,515.554
3748,515.638
3749,515.722
3750,515.806
3751,515.891
3752,515.975
3753,516.059
3754,516.144
3755,516.228
3756,516.312
3757,516.396
3758,516.481
3759,516.565
3760,516.649
3761,516.733
3762,516.818
3763,516.902
3764,516.986
3765,517.07
3766,517.155
3767,517.239
3768,517.323
3769,517.408
3770,517.492
3771,517.576
3772,517.66
3773,517.745
3774,517.829
3775,517.913
3776,517.997
3777,518.082
3778,518.166
3779,518.25
3780,518.335
3781,518.419
3782,518.503
3783,518.587
3784,518.672
3785,518.756
3786,518.84
3787,518.924
3788,519.009
3789,519.093
3790,519.177
3791,519.261
3792,519.346
3793,519.43
3794,519.514
3795,519.599
3796,519.683
3797,519.767
3798,519.851
3799,519.936
3800,520.02
3801,520.104
3802,520.188
3803,520.273
3804,520.357
3805,520.441
3806,520.525
3807,520.61
3808,520.694
3809,520.778
3810,520.862
3811,520.947
3812,521.031
3813,521.115
3814,521.2
3815,521.284
3816,521.368
3817,521.452
3818,521.537
3819,521.621
3820,521.705
3821,521.789
3822,521.874
3823,521.958
3824,522.042
3825,522.126
3826,522.211
3827,522.295
3828,522.379
3829,522.463
3830,522.548
3831,522.632
3832,522.716
3833,522.801
3834,522.885
3835,522.969
3836,523.053
3837,523.138
3838,523.222
3839,523.306
3840,523.39
3841,523.475
3842,523.559
3843,523.643
3844,523.727
3845,523.812
3846,523.896
3847,523.98
3848,524.064
3849,524.149
3850,524.233
3851,524.317
3852,524.401
3853,524.486
3854,524.57
3855,524.654
3856,524.738
3857,524.823
3858,524.907
3859,524.991
3860,525.076
3861,525.16
3862,525.244
3863,525.328
3864,525.413
3865,525.497
3866,525.581
3867,525.665
3868,525.75
3869,525.834
3870,525.918
3871,526.002
3872,526.087
3873,526.171
3874,526.255
3875,526.339
3876,526.424
3877,526.508
3878,526.592
3879,526.676
3880,526.761
3881,526.845
3882,526.929
3883,527.013
3884,527.098
3885,527.182
3886,527.266
3887,527.35
3888,527.435
3889,527.519
3890,527.603
3891,527.687
3892,527.772
3893,527.856
3894,527.94
3895,528.024
3896,528.109
3897,528.193
3898,528.277
3899,528.361
3900,528.446
3901,528.53
3902,528.614
3903,528.698
3904,528.783
3905,528.867
3906,528.951
3907,529.035
3908,529.12
3909,529.204
3910,529.288
3911,529.372
3912,529.457
3913,529.541
3914,529.625
3915,529.709
3916,529.794
3917,529.878
3918,529.962
3919,530.046
3920,530.131
3921,530.215
3922,530.299
3923,530.383
3924,530.468
3925,530.552
3926,530.636
3927,530.72
3928,530.805
3929,530.889
3930,530.973
3931,531.057
3932,531.142
3933,531.226
3934,531.31
3935,531.394
3936,531.479
3937,531.563
3938,531.647
3939,531.731
3940,531.816
3941,531.9
3942,531.984
3943,532.068
3944,532.153
3945,532.237
3946,532.321
3947,532.405
3948,532.49
3949,532.574
3950,532.658
3951,532.742
3952,532.827
3953,532.911
3954,532.995
3955,533.079
3956,533.164
3957,533.248
3958,533.332
3959,533.416
3960,533.501
3961,533.585
3962,533.669
3963,533.753
3964,533.838
3965,533.922
3966,534.006
3967,534.09
3968,534.175
3969,534.259
3970,534.343
3971,534.427
3972,534.512
3973,534.596
3974,534.68
3975,534.764
3976,534.849
3977,534.933
3978,535.017
3979,535.101
3980,535.186
3981,535.27
3982,535.354
3983,535.438
3984,535.522
3985,535.607
3986,535.691
3987,535.775
3988,535.859
3989,535.944
3990,536.028
3991,536.112
3992,536.196
3993,536.281
3994,536.365
3995,536.449
3996,536.533
3997,536.618
3998,536.702
3999,536.786
4000,536.87
4001,536.955
4002,537.039
4003,537.123
4004,537.207
4005,537.292
4006,537.376
4007,537.46
4008,537.544
4009,537.628
4010,537.713
4011,537.797
4012,537.881
4013,537.965
4014,538.05
4015,538.134
4016,538.218
4017,538.302
4018,538.387
4019,538.471
4020,538.555
4021,538.639
4022,538.724
4023,538.808
4024,538.892
4025,538.976
4026,539.061
4027,539.145
4028,539.229
4029,539.313
4030,539.397
4031,539.482
4032,539.566
4033,539.65
4034,539.734
4035,539.819
4036,539.903
4037,539.987
4038,540.071
4039,540.156
4040,540.24
4041,540.324
4042,540.408
4043,540.493
4044,540.577
4045,540.661
4046,540.745
4047,540.829
4048,540.914
4049,540.998
4050,541.082
4051,541.166
4052,541.251
4053,541.335
4054,541.419
4055,541.503
4056,541.588
4057,541.672
4058,541.756
4059,541.84
4060,541.924
4061,542.009
4062,542.093
4063,542.177
4064,542.261
4065,542.346
4066,542.43
4067,542.514
4068,542.598
4069,542.683
4070,542.767
4071,542.851
4072,542.935
4073,543.019
4074,543.104
4075,543.188
4076,543.272
4077,543.356
4078,543.441
4079,543.525
4080,543.609
4081,543.693
4082,543.778
4083,543.862
4084,543.946
4085,544.03
4086,544.114
4087,544.199
4088,544.283
4089,544.367
4090,544.451
4091,544.536
4092,544.62
4093,544.704
4094,544.788
4095,544.873
4096,544.957
4097,545.041
4098,545.125
4099,545.209
4100,545.294
4101,545.378
4102,545.462
4103,545.546
4104,545.631
4105,545.715
4106,545.799
4107,545.883
4108,545.967
4109,546.052
4110,546.136
4111,546.22
4112,546.304
4113,546.389
4114,546.473
4115,546.557
4116,546.641
4117,546.725
4118,546.81
4119,546.894
4120,546.978
4121,547.062
4122,547.147
4123,547.231
4124,547.315
4125,547.399
4126,547.483
4127,547.568
4128,547.652
4129,547.736
4130,547.82
4131,547.905
4132,547.989
4133,548.073
4134,548.157
4135,548.241
4136,548.326
4137,548.41
4138,548.494
4139,548.578
4140,548.663
4141,548.747
4142,548.831
4143,548.915
4144,548.999
4145,549.084
4146,549.168
4147,549.252
4148,549.336
4149,549.421
4150,549.505
4151,549.589
4152,549.673
4153,549.757
4154,549.842
4155,549.926
4156,550.01
4157,550.094
4158,550.179
4159,550.263
4160,550.347
4161,550.431
4162,550.515
4163,550.6
4164,550.684
4165,550.768
4166,550.852
4167,550.936
4168,551.021
4169,551.105
4170,551.189
4171,551.273
4172,551.358
4173,551.442
4174,551.526
4175,551.61
4176,551.694
4177,551.779
4178,551.863
4179,551.947
4180,552.031
4181,552.116
4182,552.2
4183,552.284
4184,552.368
4185,552.452
4186,552.537
4187,552.621
4188,552.705
4189,552.789
4190,552.873
4191,552.958
4192,553.042
4193,553.126
4194,553.21
4195,553.295
4196,553.379
4197,553.463
4198,553.547
4199,553.631
4200,553.716
4201,553.8
4202,553.884
4203,553.968
4204,554.052
4205,554.137
4206,554.221
4207,554.305
4208,554.389
4209,554.473
4210,554.558
4211,554.642
4212,554.726
4213,554.81
4214,554.895
4215,554.979
4216,555.063
4217,555.147
4218,555.231
4219,555.316
4220,555.4
4221,555.484
4222,555.568
4223,555.652
4224,555.737
4225,555.821
4226,555.905
4227,555.989
4228,556.073
4229,556.158
4230,556.242
4231,556.326
4232,556.41
4233,556.495
4234,556.579
4235,556.663
4236,556.747
4237,556.831
4238,556.916
4239,557
4240,557.084
4241,557.168
4242,557.252
4243,557.337
4244,557.421
4245,557.505
4246,557.589
4247,557.673
4248,557.758
4249,557.842
4250,557.926
4251,558.01
4252,558.094
4253,558.179
4254,558.263
4255,558.347
4256,558.431
4257,558.515
4258,558.6
4259,558.684
4260,558.768
4261,558.852
4262,558.936
4263,559.021
4264,559.105
4265,559.189
4266,559.273
4267,559.358
4268,559.442
4269,559.526
4270,559.61
4271,559.694
4272,559.779
4273,559.863
4274,559.947
4275,560.031
4276,560.115
4277,560.2
4278,560.284
4279,560.368
4280,560.452
4281,560.536
4282,560.621
4283,560.705
4284,560.789
4285,560.873
4286,560.957
4287,561.042
4288,561.126
4289,561.21
4290,561.294
4291,561.378
4292,561.463
4293,561.547
4294,561.631
4295,561.715
4296,561.799
4297,561.884
4298,561.968
4299,562.052
4300,562.136
4301,562.22
4302,562.305
4303,562.389
4304,562.473
4305,562.557
4306,562.641
4307,562.726
4308,562.81
4309,562.894
4310,562.978
4311,563.062
4312,563.146
4313,563.231
4314,563.315
4315,563.399
4316,563.483
4317,563.567
4318,563.652
4319,563.736
4320,563.82
4321,563.904
4322,563.988
4323,564.073
4324,564.157
4325,564.241
4326,564.325
4327,564.409
4328,564.494
4329,564.578
4330,564.662
4331,564.746
4332,564.83
4333,564.915
4334,564.999
4335,565.083
4336,565.167
4337,565.251
4338,565.336
4339,565.42
4340,565.504
4341,565.588
4342,565.672
4343,565.757
4344,565.841
4345,565.925
4346,566.009
4347,566.093
4348,566.177
4349,566.262
4350,566.346
4351,566.43
4352,566.514
4353,566.598
4354,566.683
4355,566.767
4356,566.851
4357,566.935
4358,567.019
4359,567.104
4360,567.188
4361,567.272
4362,567.356
4363,567.44
4364,567.525
4365,567.609
4366,567.693
4367,567.777
4368,567.861
4369,567.945
4370,568.03
4371,568.114
4372,568.198
4373,568.282
4374,568.366
4375,568.451
4376,568.535
4377,568.619
4378,568.703
4379,568.787
4380,568.872
4381,568.956
4382,569.04
4383,569.124
4384,569.208
4385,569.292
4386,569.377
4387,569.461
4388,569.545
4389,569.629
4390,569.713
4391,569.798
4392,569.882
4393,569.966
4394,570.05
4395,570.134
4396,570.218
4397,570.303
4398,570.387
4399,570.471
4400,570.555
4401,570.639
4402,570.724
4403,570.808
4404,570.892
4405,570.976
4406,571.06
4407,571.144
4408,571.229
4409,571.313
4410,571.397
4411,571.481
4412,571.565
4413,571.65
4414,571.734
4415,571.818
4416,571.902
4417,571.986
4418,572.07
4419,572.155
4420,572.239
4421,572.323
4422,572.407
4423,572.491
4424,572.576
4425,572.66
4426,572.744
4427,572.828
4428,572.912
4429,572.996
4430,573.081
4431,573.165
4432,573.249
4433,573.333
4434,573.417
4435,573.502
4436,573.586
4437,573.67
4438,573.754
4439,573.838
4440,573.922
4441,574.007
4442,574.091
4443,574.175
4444,574.259
4445,574.343
4446,574.427
4447,574.512
4448,574.596
4449,574.68
4450,574.764
4451,574.848
4452,574.933
4453,575.017
4454,575.101
4455,575.185
4456,575.269
4457,575.353
4458,575.438
4459,575.522
4460,575.606
4461,575.69
4462,575.774
4463,575.858
4464,575.943
4465,576.027
4466,576.111
4467,576.195
4468,576.279
4469,576.363
4470,576.448
4471,576.532
4472,576.616
4473,576.7
4474,576.784
4475,576.869
4476,576.953
4477,577.037
4478,577.121
4479,577.205
4480,577.289
4481,577.374
4482,577.458
4483,577.542
4484,577.626
4485,577.71
4486,577.794
4487,577.879
4488,577.963
4489,578.047
4490,578.131
4491,578.215
4492,578.299
4493,578.384
4494,578.468
4495,578.552
4496,578.636
4497,578.72
4498,578.804
4499,578.889
4500,578.973
4501,579.057
4502,579.141
4503,579.225
4504,579.309
4505,579.394
4506,579.478
4507,579.562
4508,579.646
4509,579.73
4510,579.814
4511,579.899
4512,579.983
4513,580.067
4514,580.151
4515,580.235
4516,580.319
4517,580.404
4518,580.488
4519,580.572
4520,580.656
4521,580.74
4522,580.824
4523,580.909
4524,580.993
4525,581.077
4526,581.161
4527,581.245
4528,581.329
4529,581.414
4530,581.498
4531,581.582
4532,581.666
4533,581.75
4534,581.834
4535,581.919
4536,582.003
4537,582.087
4538,582.171
4539,582.255
4540,582.339
4541,582.424
4542,582.508
4543,582.592
4544,582.676
4545,582.76
4546,582.844
4547,582.929
4548,583.013
4549,583.097
4550,583.181
4551,583.265
4552,583.349
4553,583.433
4554,583.518
4555,583.602
4556,583.686
4557,583.77
4558,583.854
4559,583.938
4560,584.023
4561,584.107
4562,584.191
4563,584.275
4564,584.359
4565,584.443
4566,584.528
4567,584.612
4568,584.696
4569,584.78
4570,584.864
4571,584.948
4572,585.032
4573,585.117
4574,585.201
4575,585.285
4576,585.369
4577,585.453
4578,585.537
4579,585.622
4580,585.706
4581,585.79
4582,585.874
4583,585.958
4584,586.042
4585,586.127
4586,586.211
4587,586.295
4588,586.379
4589,586.463
4590,586.547
4591,586.631
4592,586.716
4593,586.8
4594,586.884
4595,586.968
4596,587.052
4597,587.136
4598,587.221
4599,587.305
4600,587.389
4601,587.473
4602,587.557
4603,587.641
4604,587.725
4605,587.81
4606,587.894
4607,587.978
4608,588.062
4609,588.146
4610,588.23
4611,588.314
4612,588.399
4613,588.483
4614,588.567
4615,588.651
4616,588.735
4617,588.819
4618,588.904
4619,588.988
4620,589.072
4621,589.156
4622,589.24
4623,589.324
4624,589.408
4625,589.493
4626,589.577
4627,589.661
4628,589.745
4629,589.829
4630,589.913
4631,589.997
4632,590.082
4633,590.166
4634,590.25
4635,590.334
4636,590.418
4637,590.502
4638,590.586
4639,590.671
4640,590.755
4641,590.839
4642,590.923
4643,591.007
4644,591.091
4645,591.176
4646,591.26
4647,591.344
4648,591.428
4649,591.512
4650,591.596
4651,591.68
4652,591.765
4653,591.849
4654,591.933
4655,592.017
4656,592.101
4657,592.185
4658,592.269
4659,592.354
4660,592.438
4661,592.522
4662,592.606
4663,592.69
4664,592.774
4665,592.858
4666,592.943
4667,593.027
4668,593.111
4669,593.195
4670,593.279
4671,593.363
4672,593.447
4673,593.532
4674,593.616
4675,593.7
4676,593.784
4677,593.868
4678,593.952
4679,594.036
4680,594.12
4681,594.205
4682,594.289
4683,594.373
4684,594.457
4685,594.541
4686,594.625
4687,594.709
4688,594.794
4689,594.878
4690,594.962
4691,595.046
4692,595.13
4693,595.214
4694,595.298
4695,595.383
4696,595.467
4697,595.551
4698,595.635
4699,595.719
4700,595.803
4701,595.887
4702,595.972
4703,596.056
4704,596.14
4705,596.224
4706,596.308
4707,596.392
4708,596.476
4709,596.56
4710,596.645
4711,596.729
4712,596.813
4713,596.897
4714,596.981
4715,597.065
4716,597.149
4717,597.234
4718,597.318
4719,597.402
4720,597.486
4721,597.57
4722,597.654
4723,597.738
4724,597.822
4725,597.907
4726,597.991
4727,598.075
4728,598.159
4729,598.243
4730,598.327
4731,598.411
4732,598.496
4733,598.58
4734,598.664
4735,598.748
4736,598.832
4737,598.916
4738,599
4739,599.084
4740,599.169
4741,599.253
4742,599.337
4743,599.421
4744,599.505
4745,599.589
4746,599.673
4747,599.757
4748,599.842
4749,599.926
4750,600.01
4751,600.094
4752,600.178
4753,600.262
4754,600.346
4755,600.43
4756,600.515
4757,600.599
4758,600.683
4759,600.767
4760,600.851
4761,600.935
4762,601.019
4763,601.104
4764,601.188
4765,601.272
4766,601.356
4767,601.44
4768,601.524
4769,601.608
4770,601.692
4771,601.777
4772,601.861
4773,601.945
4774,602.029
4775,602.113
4776,602.197
4777,602.281
4778,602.365
4779,602.449
4780,602.534
4781,602.618
4782,602.702
4783,602.786
4784,602.87
4785,602.954
4786,603.038
4787,603.122
4788,603.207
4789,603.291
4790,603.375
4791,603.459
4792,603.543
4793,603.627
4794,603.711
4795,603.795
4796,603.88
4797,603.964
4798,604.048
4799,604.132
4800,604.216
4801,604.3
4802,604.384
4803,604.468
4804,604.553
4805,604.637
4806,604.721
4807,604.805
4808,604.889
4809,604.973
4810,605.057
4811,605.141
4812,605.225
4813,605.31
4814,605.394
4815,605.478
4816,605.562
4817,605.646
4818,605.73
4819,605.814
4820,605.898
4821,605.983
4822,606.067
4823,606.151
4824,606.235
4825,606.319
4826,606.403
4827,606.487
4828,606.571
4829,606.655
4830,606.74
4831,606.824
4832,606.908
4833,606.992
4834,607.076
4835,607.16
4836,607.244
4837,607.328
4838,607.412
4839,607.497
4840,607.581
4841,607.665
4842,607.749
4843,607.833
4844,607.917
4845,608.001
4846,608.085
4847,608.169
4848,608.254
4849,608.338
4850,608.422
4851,608.506
4852,608.59
4853,608.674
4854,608.758
4855,608.842
4856,608.926
4857,609.011
4858,609.095
4859,609.179
4860,609.263
4861,609.347
4862,609.431
4863,609.515
4864,609.599
4865,609.683
4866,609.768
4867,609.852
4868,609.936
4869,610.02
4870,610.104
4871,610.188
4872,610.272
4873,610.356
4874,610.44
4875,610.525
4876,610.609
4877,610.693
4878,610.777
4879,610.861
4880,610.945
4881,611.029
4882,611.113
4883,611.197
4884,611.281
4885,611.366
4886,611.45
4887,611.534
4888,611.618
4889,611.702
4890,611.786
4891,611.87
4892,611.954
4893,612.038
4894,612.123
4895,612.207
4896,612.291
4897,612.375
4898,612.459
4899,612.543
4900,612.627
4901,612.711
4902,612.795
4903,612.879
4904,612.964
4905,613.048
4906,613.132
4907,613.216
4908,613.3
4909,613.384
4910,613.468
4911,613.552
4912,613.636
4913,613.72
4914,613.805
4915,613.889
4916,613.973
4917,614.057
4918,614.141
4919,614.225
4920,614.309
4921,614.393
4922,614.477
4923,614.561
4924,614.646
4925,614.73
4926,614.814
4927,614.898
4928,614.982
4929,615.066
4930,615.15
4931,615.234
4932,615.318
4933,615.402
4934,615.487
4935,615.571
4936,615.655
4937,615.739
4938,615.823
4939,615.907
4940,615.991
4941,616.075
4942,616.159
4943,616.243
4944,616.328
4945,616.412
4946,616.496
4947,616.58
4948,616.664
4949,616.748
4950,616.832
4951,616.916
4952,617
4953,617.084
4954,617.168
4955,617.253
4956,617.337
4957,617.421
4958,617.505
4959,617.589
4960,617.673
4961,617.757
4962,617.841
4963,617.925
4964,618.009
4965,618.093
4966,618.178
4967,618.262
4968,618.346
4969,618.43
4970,618.514
4971,618.598
4972,618.682
4973,618.766
4974,618.85
4975,618.934
4976,619.018
4977,619.103
4978,619.187
4979,619.271
4980,619.355
4981,619.439
4982,619.523
4983,619.607
4984,619.691
4985,619.775
4986,619.859
4987,619.943
4988,620.028
4989,620.112
4990,620.196
4991,620.28
4992,620.364
4993,620.448
4994,620.532
4995,620.616
4996,620.7
4997,620.784
4998,620.868
4999,620.952
5000,621.037
5001,621.121
5002,621.205
5003,621.289
5004,621.373
5005,621.457
5006,621.541
5007,621.625
5008,621.709
5009,621.793
5010,621.877
5011,621.961
5012,622.046
5013,622.13
5014,622.214
5015,622.298
5016,622.382
5017,622.466
5018,622.55
5019,622.634
5020,622.718
5021,622.802
5022,622.886
5023,622.97
5024,623.055
5025,623.139
5026,623.223
5027,623.307
5028,623.391
5029,623.475
5030,623.559
5031,623.643
5032,623.727
5033,623.811
5034,623.895
5035,623.979
5036,624.063
5037,624.148
5038,624.232
5039,624.316
5040,624.4
5041,624.484
5042,624.568
5043,624.652
5044,624.736
5045,624.82
5046,624.904
5047,624.988
5048,625.072
5049,625.156
5050,625.241
5051,625.325
5052,625.409
5053,625.493
5054,625.577
5055,625.661
5056,625.745
5057,625.829
5058,625.913
5059,625.997
5060,626.081
5061,626.165
5062,626.249
5063,626.334
5064,626.418
5065,626.502
5066,626.586
5067,626.67
5068,626.754
5069,626.838
5070,626.922
5071,627.006
5072,627.09
5073,627.174
5074,627.258
5075,627.342
5076,627.426
5077,627.511
5078,627.595
5079,627.679
5080,627.763
5081,627.847
5082,627.931
5083,628.015
5084,628.099
5085,628.183
5086,628.267
5087,628.351
5088,628.435
5089,628.519
5090,628.603
5091,628.688
5092,628.772
5093,628.856
5094,628.94
5095,629.024
5096,629.108
5097,629.192
5098,629.276
5099,629.36
5100,629.444
5101,629.528
5102,629.612
5103,629.696
5104,629.78
5105,629.864
5106,629.949
5107,630.033
5108,630.117
5109,630.201
5110,630.285
5111,630.369
5112,630.453
5113,630.537
5114,630.621
5115,630.705
5116,630.789
5117,630.873
5118,630.957
5119,631.041
5120,631.125
5121,631.21
5122,631.294
5123,631.378
5124,631.462
5125,631.546
5126,631.63
5127,631.714
5128,631.798
5129,631.882
5130,631.966
5131,632.05
5132,632.134
5133,632.218
5134,632.302
5135,632.386
5136,632.47
5137,632.554
5138,632.639
5139,632.723
5140,632.807
5141,632.891
5142,632.975
5143,633.059
5144,633.143
5145,633.227
5146,633.311
5147,633.395
5148,633.479
5149,633.563
5150,633.647
5151,633.731
5152,633.815
5153,633.899
5154,633.983
5155,634.068
5156,634.152
5157,634.236
5158,634.32
5159,634.404
5160,634.488
5161,634.572
5162,634.656
5163,634.74
5164,634.824
5165,634.908
5166,634.992
5167,635.076
5168,635.16
5169,635.244
5170,635.328
5171,635.412
5172,635.496
5173,635.581
5174,635.665
5175,635.749
5176,635.833
5177,635.917
5178,636.001
5179,636.085
5180,636.169
5181,636.253
5182,636.337
5183,636.421
5184,636.505
5185,636.589
5186,636.673
5187,636.757
5188,636.841
5189,636.925
5190,637.009
5191,637.093
5192,637.178
5193,637.262
5194,637.346
5195,637.43
5196,637.514
5197,637.598
5198,637.682
5199,637.766
5200,637.85
5201,637.934
5202,638.018
5203,638.102
5204,638.186
5205,638.27
5206,638.354
5207,638.438
5208,638.522
5209,638.606
5210,638.69
5211,638.774
5212,638.858
5213,638.943
5214,639.027
5215,639.111
5216,639.195
5217,639.279
5218,639.363
5219,639.447
5220,639.531
5221,639.615
5222,639.699
5223,639.783
5224,639.867
5225,639.951
5226,640.035
5227,640.119
5228,640.203
5229,640.287
5230,640.371
5231,640.455
5232,640.539
5233,640.623
5234,640.707
5235,640.791
5236,640.876
5237,640.96
5238,641.044
5239,641.128
5240,641.212
5241,641.296
5242,641.38
5243,641.464
5244,641.548
5245,641.632
5246,641.716
5247,641.8
5248,641.884
5249,641.968
5250,642.052
5251,642.136
5252,642.22
5253,642.304
5254,642.388
5255,642.472
5256,642.556
5257,642.64
5258,642.724
5259,642.808
5260,642.892
5261,642.977
5262,643.061
5263,643.145
5264,643.229
5265,643.313
5266,643.397
5267,643.481
5268,643.565
5269,643.649
5270,643.733
5271,643.817
5272,643.901
5273,643.985
5274,644.069
5275,644.153
5276,644.237
5277,644.321
5278,644.405
5279,644.489
5280,644.573
5281,644.657
5282,644.741
5283,644.825
5284,644.909
5285,644.993
5286,645.077
5287,645.161
5288,645.245
5289,645.329
5290,645.414
5291,645.498
5292,645.582
5293,645.666
5294,645.75
5295,645.834
5296,645.918
5297,646.002
5298,646.086
5299,646.17
5300,646.254
5301,646.338
5302,646.422
5303,646.506
5304,646.59
5305,646.674
5306,646.758
5307,646.842
5308,646.926
5309,647.01
5310,647.094
5311,647.178
5312,647.262
5313,647.346
5314,647.43
5315,647.514
5316,647.598
5317,647.682
5318,647.766
5319,647.85
5320,647.934
5321,648.018
5322,648.102
5323,648.186
5324,648.27
5325,648.354
5326,648.439
5327,648.523
5328,648.607
5329,648.691
5330,648.775
5331,648.859
5332,648.943
5333,649.027
5334,649.111
5335,649.195
5336,649.279
5337,649.363
5338,649.447
5339,649.531
5340,649.615
5341,649.699
5342,649.783
5343,649.867
5344,649.951
5345,650.035
5346,650.119
5347,650.203
5348,650.287
5349,650.371
5350,650.455
5351,650.539
5352,650.623
5353,650.707
5354,650.791
5355,650.875
5356,650.959
5357,651.043
5358,651.127
5359,651.211
5360,651.295
5361,651.379
5362,651.463
5363,651.547
5364,651.631
5365,651.715
5366,651.799
5367,651.883
5368,651.967
5369,652.051
5370,652.135
5371,652.219
5372,652.303
5373,652.387
5374,652.471
5375,652.555
5376,652.64
5377,652.724
5378,652.808
5379,652.892
5380,652.976
5381,653.06
5382,653.144
5383,653.228
5384,653.312
5385,653.396
5386,653.48
5387,653.564
5388,653.648
5389,653.732
5390,653.816
5391,653.9
5392,653.984
5393,654.068
5394,654.152
5395,654.236
5396,654.32
5397,654.404
5398,654.488
5399,654.572
5400,654.656
5401,654.74
5402,654.824
5403,654.908
5404,654.992
5405,655.076
5406,655.16
5407,655.244
5408,655.328
5409,655.412
5410,655.496
5411,655.58
5412,655.664
5413,655.748
5414,655.832
5415,655.916
5416,656
5417,656.084
5418,656.168
5419,656.252
5420,656.336
5421,656.42
5422,656.504
5423,656.588
5424,656.672
5425,656.756
5426,656.84
5427,656.924
5428,657.008
5429,657.092
5430,657.176
5431,657.26
5432,657.344
5433,657.428
5434,657.512
5435,657.596
5436,657.68
5437,657.764
5438,657.848
5439,657.932
5440,658.016
5441,658.1
5442,658.184
5443,658.268
5444,658.352
5445,658.436
5446,658.52
5447,658.604
5448,658.688
5449,658.772
5450,658.856
5451,658.94
5452,659.024
5453,659.108
5454,659.192
5455,659.276
5456,659.36
5457,659.444
5458,659.528
5459,659.612
5460,659.696
5461,659.78
5462,659.864
5463,659.948
5464,660.032
5465,660.116
5466,660.2
5467,660.284
5468,660.368
5469,660.452
5470,660.536
5471,660.62
5472,660.704
5473,660.788
5474,660.872
5475,660.956
5476,661.04
5477,661.124
5478,661.208
5479,661.292
5480,661.376
5481,661.46
5482,661.544
5483,661.628
5484,661.712
5485,661.796
5486,661.88
5487,661.964
5488,662.048
5489,662.132
5490,662.216
5491,662.3
5492,662.384
5493,662.468
5494,662.552
5495,662.636
5496,662.72
5497,662.804
5498,662.888
5499,662.972
5500,663.056
5501,663.14
5502,663.224
5503,663.308
5504,663.392
5505,663.476
5506,663.56
5507,663.644
5508,663.728
5509,663.812
5510,663.896
5511,663.98
5512,664.064
5513,664.148
5514,664.232
5515,664.316
5516,664.4
5517,664.484
5518,664.568
5519,664.652
5520,664.736
5521,664.82
5522,664.904
5523,664.988
5524,665.072
5525,665.156
5526,665.239
5527,665.323
5528,665.407
5529,665.491
5530,665.575
5531,665.659
5532,665.743
5533,665.827
5534,665.911
5535,665.995
5536,666.079
5537,666.163
5538,666.247
5539,666.331
5540,666.415
5541,666.499
5542,666.583
5543,666.667
5544,666.751
5545,666.835
5546,666.919
5547,667.003
5548,667.087
5549,667.171
5550,667.255
5551,667.339
5552,667.423
5553,667.507
5554,667.591
5555,667.675
5556,667.759
5557,667.843
5558,667.927
5559,668.011
5560,668.095
5561,668.179
5562,668.263
5563,668.347
5564,668.431
5565,668.515
5566,668.599
5567,668.683
5568,668.767
5569,668.851
5570,668.935
5571,669.019
5572,669.103
5573,669.187
5574,669.271
5575,669.355
5576,669.438
5577,669.522
5578,669.606
5579,669.69
5580,669.774
5581,669.858
5582,669.942
5583,670.026
5584,670.11
5585,670.194
5586,670.278
5587,670.362
5588,670.446
5589,670.53
5590,670.614
5591,670.698
5592,670.782
5593,670.866
5594,670.95
5595,671.034
5596,671.118
5597,671.202
5598,671.286
5599,671.37
5600,671.454
5601,671.538
5602,671.622
5603,671.706
5604,671.79
5605,671.874
5606,671.958
5607,672.042
5608,672.126
5609,672.21
5610,672.294
5611,672.377
5612,672.461
5613,672.545
5614,672.629
5615,672.713
5616,672.797
5617,672.881
5618,672.965
5619,673.049
5620,673.133
5621,673.217
5622,673.301
5623,673.385
5624,673.469
5625,673.553
5626,673.637
5627,673.721
5628,673.805
5629,673.889
5630,673.973
5631,674.057
5632,674.141
5633,674.225
5634,674.309
5635,674.393
5636,674.477
5637,674.561
5638,674.645
5639,674.728
5640,674.812
5641,674.896
5642,674.98
5643,675.064
5644,675.148
5645,675.232
5646,675.316
5647,675.4
5648,675.484
5649,675.568
5650,675.652
5651,675.736
5652,675.82
5653,675.904
5654,675.988
5655,676.072
5656,676.156
5657,676.24
5658,676.324
5659,676.408
5660,676.492
5661,676.576
5662,676.66
5663,676.744
5664,676.827
5665,676.911
5666,676.995
5667,677.079
5668,677.163
5669,677.247
5670,677.331
5671,677.415
5672,677.499
5673,677.583
5674,677.667
5675,677.751
5676,677.835
5677,677.919
5678,678.003
5679,678.087
5680,678.171
5681,678.255
5682,678.339
5683,678.423
5684,678.507
5685,678.591
5686,678.674
5687,678.758
5688,678.842
5689,678.926
5690,679.01
5691,679.094
5692,679.178
5693,679.262
5694,679.346
5695,679.43
5696,679.514
5697,679.598
5698,679.682
5699,679.766
5700,679.85
5701,679.934
5702,680.018
5703,680.102
5704,680.186
5705,680.27
5706,680.353
5707,680.437
5708,680.521
5709,680.605
5710,680.689
5711,680.773
5712,680.857
5713,680.941
5714,681.025
5715,681.109
5716,681.193
5717,681.277
5718,681.361
5719,681.445
5720,681.529
5721,681.613
5722,681.697
5723,681.781
5724,681.864
5725,681.948
5726,682.032
5727,682.116
5728,682.2
5729,682.284
5730,682.368
5731,682.452
5732,682.536
5733,682.62
5734,682.704
5735,682.788
5736,682.872
5737,682.956
5738,683.04
5739,683.124
5740,683.208
5741,683.292
5742,683.375
5743,683.459
5744,683.543
5745,683.627
5746,683.711
5747,683.795
5748,683.879
5749,683.963
5750,684.047
5751,684.131
5752,684.215
5753,684.299
5754,684.383
5755,684.467
5756,684.551
5757,684.635
5758,684.718
5759,684.802
5760,684.886
5761,684.97
5762,685.054
5763,685.138
5764,685.222
5765,685.306
5766,685.39
5767,685.474
5768,685.558
5769,685.642
5770,685.726
5771,685.81
5772,685.894
5773,685.978
5774,686.061
5775,686.145
5776,686.229
5777,686.313
5778,686.397
5779,686.481
5780,686.565
5781,686.649
5782,686.733
5783,686.817
5784,686.901
5785,686.985
5786,687.069
5787,687.153
5788,687.236
5789,687.32
5790,687.404
5791,687.488
5792,687.572
5793,687.656
5794,687.74
5795,687.824
5796,687.908
5797,687.992
5798,688.076
5799,688.16
5800,688.244
5801,688.328
5802,688.411
5803,688.495
5804,688.579
5805,688.663
5806,688.747
5807,688.831
5808,688.915
5809,688.999
5810,689.083
5811,689.167
5812,689.251
5813,689.335
5814,689.419
5815,689.503
5816,689.586
5817,689.67
5818,689.754
5819,689.838
5820,689.922
5821,690.006
5822,690.09
5823,690.174
5824,690.258
5825,690.342
5826,690.426
5827,690.51
5828,690.594
5829,690.677
5830,690.761
5831,690.845
5832,690.929
5833,691.013
5834,691.097
5835,691.181
5836,691.265
5837,691.349
5838,691.433
5839,691.517
5840,691.601
5841,691.684
5842,691.768
5843,691.852
5844,691.936
5845,692.02
5846,692.104
5847,692.188
5848,692.272
5849,692.356
5850,692.44
5851,692.524
5852,692.608
5853,692.692
5854,692.775
5855,692.859
5856,692.943
5857,693.027
5858,693.111
5859,693.195
5860,693.279
5861,693.363
5862,693.447
5863,693.531
5864,693.615
5865,693.698
5866,693.782
5867,693.866
5868,693.95
5869,694.034
5870,694.118
5871,694.202
5872,694.286
5873,694.37
5874,694.454
5875,694.538
5876,694.622
5877,694.705
5878,694.789
5879,694.873
5880,694.957
5881,695.041
5882,695.125
5883,695.209
5884,695.293
5885,695.377
5886,695.461
5887,695.545
5888,695.628
5889,695.712
5890,695.796
5891,695.88
5892,695.964
5893,696.048
5894,696.132
5895,696.216
5896,696.3
5897,696.384
5898,696.468
5899,696.551
5900,696.635
5901,696.719
5902,696.803
5903,696.887
5904,696.971
5905,697.055
5906,697.139
5907,697.223
5908,697.307
5909,697.39
5910,697.474
5911,697.558
5912,697.642
5913,697.726
5914,697.81
5915,697.894
5916,697.978
5917,698.062
5918,698.146
5919,698.23
5920,698.313
5921,698.397
5922,698.481
5923,698.565
5924,698.649
5925,698.733
5926,698.817
5927,698.901
5928,698.985
5929,699.069
5930,699.152
5931,699.236
5932,699.32
5933,699.404
5934,699.488
5935,699.572
5936,699.656
5937,699.74
5938,699.824
5939,699.907
5940,699.991
5941,700.075
5942,700.159
5943,700.243
5944,700.327
5945,700.411
5946,700.495
5947,700.579
5948,700.663
5949,700.746
5950,700.83
5951,700.914
5952,700.998
5953,701.082
5954,701.166
5955,701.25
5956,701.334
5957,701.418
5958,701.502
5959,701.585
5960,701.669
5961,701.753
5962,701.837
5963,701.921
5964,702.005
5965,702.089
5966,702.173
5967,702.257
5968,702.34
5969,702.424
5970,702.508
5971,702.592
5972,702.676
5973,702.76
5974,702.844
5975,702.928
5976,703.012
5977,703.095
5978,703.179
5979,703.263
5980,703.347
5981,703.431
5982,703.515
5983,703.599
5984,703.683
5985,703.767
5986,703.85
5987,703.934
5988,704.018
5989,704.102
5990,704.186
5991,704.27
5992,704.354
5993,704.438
5994,704.522
5995,704.605
5996,704.689
5997,704.773
5998,704.857
5999,704.941
6000,705.025
6001,705.109
6002,705.193
6003,705.276
6004,705.36
6005,705.444
6006,705.528
6007,705.612
6008,705.696
6009,705.78
6010,705.864
6011,705.948
6012,706.031
6013,706.115
6014,706.199
6015,706.283
6016,706.367
6017,706.451
6018,706.535
6019,706.619
6020,706.702
6021,706.786
6022,706.87
6023,706.954
6024,707.038
6025,707.122
6026,707.206
6027,707.29
6028,707.373
6029,707.457
6030,707.541
6031,707.625
6032,707.709
6033,707.793
6034,707.877
6035,707.961
6036,708.045
6037,708.128
6038,708.212
6039,708.296
6040,708.38
6041,708.464
6042,708.548
6043,708.632
6044,708.716
6045,708.799
6046,708.883
6047,708.967
6048,709.051
6049,709.135
6050,709.219
6051,709.303
6052,709.386
6053,709.47
6054,709.554
6055,709.638
6056,709.722
6057,709.806
6058,709.89
6059,709.974
6060,710.057
6061,710.141
6062,710.225
6063,710.309
6064,710.393
6065,710.477
6066,710.561
6067,710.645
6068,710.728
6069,710.812
6070,710.896
6071,710.98
6072,711.064
6073,711.148
6074,711.232
6075,711.315
6076,711.399
6077,711.483
6078,711.567
6079,711.651
6080,711.735
6081,711.819
6082,711.903
6083,711.986
6084,712.07
6085,712.154
6086,712.238
6087,712.322
6088,712.406
6089,712.49
6090,712.573
6091,712.657
6092,712.741
6093,712.825
6094,712.909
6095,712.993
6096,713.077
6097,713.161
6098,713.244
6099,713.328
6100,713.412
6101,713.496
6102,713.58
6103,713.664
6104,713.748
6105,713.831
6106,713.915
6107,713.999
6108,714.083
6109,714.167
6110,714.251
6111,714.335
6112,714.418
6113,714.502
6114,714.586
6115,714.67
6116,714.754
6117,714.838
6118,714.922
6119,715.005
6120,715.089
6121,715.173
6122,715.257
6123,715.341
6124,715.425
6125,715.509
6126,715.592
6127,715.676
6128,715.76
6129,715.844
6130,715.928
6131,716.012
6132,716.096
6133,716.179
6134,716.263
6135,716.347
6136,716.431
6137,716.515
6138,716.599
6139,716.683
6140,716.766
6141,716.85
6142,716.934
6143,717.018
6144,717.102
6145,717.186
6146,717.269
6147,717.353
6148,717.437
6149,717.521
6150,717.605
6151,717.689
6152,717.773
6153,717.856
6154,717.94
6155,718.024
6156,718.108
6157,718.192
6158,718.276
6159,718.36
6160,718.443
6161,718.527
6162,718.611
6163,718.695
6164,718.779
6165,718.863
6166,718.946
6167,719.03
6168,719.114
6169,719.198
6170,719.282
6171,719.366
6172,719.45
6173,719.533
6174,719.617
6175,719.701
6176,719.785
6177,719.869
6178,719.953
6179,720.036
6180,720.12
6181,720.204
6182,720.288
6183,720.372
6184,720.456
6185,720.539
6186,720.623
6187,720.707
6188,720.791
6189,720.875
6190,720.959
6191,721.043
6192,721.126
6193,721.21
6194,721.294
6195,721.378
6196,721.462
6197,721.546
6198,721.629
6199,721.713
6200,721.797
6201,721.881
6202,721.965
6203,722.049
6204,722.132
6205,722.216
6206,722.3
6207,722.384
6208,722.468
6209,722.552
6210,722.635
6211,722.719
6212,722.803
6213,722.887
6214,722.971
6215,723.055
6216,723.138
6217,723.222
6218,723.306
6219,723.39
6220,723.474
6221,723.558
6222,723.641
6223,723.725
6224,723.809
6225,723.893
6226,723.977
6227,724.061
6228,724.144
6229,724.228
6230,724.312
6231,724.396
6232,724.48
6233,724.564
6234,724.647
6235,724.731
6236,724.815
6237,724.899
6238,724.983
6239,725.067
6240,725.15
6241,725.234
6242,725.318
6243,725.402
6244,725.486
6245,725.57
6246,725.653
6247,725.737
6248,725.821
6249,725.905
6250,725.989
6251,726.072
6252,726.156
6253,726.24
6254,726.324
6255,726.408
6256,726.492
6257,726.575
6258,726.659
6259,726.743
6260,726.827
6261,726.911
6262,726.995
6263,727.078
6264,727.162
6265,727.246
6266,727.33
6267,727.414
6268,727.498
6269,727.581
6270,727.665
6271,727.749
6272,727.833
6273,727.917
6274,728
6275,728.084
6276,728.168
6277,728.252
6278,728.336
6279,728.42
6280,728.503
6281,728.587
6282,728.671
6283,728.755
6284,728.839
6285,728.922
6286,729.006
6287,729.09
6288,729.174
6289,729.258
6290,729.342
6291,729.425
6292,729.509
6293,729.593
6294,729.677
6295,729.761
6296,729.844
6297,729.928
6298,730.012
6299,730.096
6300,730.18
6301,730.264
6302,730.347
6303,730.431
6304,730.515
6305,730.599
6306,730.683
6307,730.766
6308,730.85
6309,730.934
6310,731.018
6311,731.102
6312,731.185
6313,731.269
6314,731.353
6315,731.437
6316,731.521
6317,731.605
6318,731.688
6319,731.772
6320,731.856
6321,731.94
6322,732.024
6323,732.107
6324,732.191
6325,732.275
6326,732.359
6327,732.443
6328,732.526
6329,732.61
6330,732.694
6331,732.778
6332,732.862
6333,732.945
6334,733.029
6335,733.113
6336,733.197
6337,733.281
6338,733.364
6339,733.448
6340,733.532
6341,733.616
6342,733.7
6343,733.783
6344,733.867
6345,733.951
6346,734.035
6347,734.119
6348,734.203
6349,734.286
6350,734.37
6351,734.454
6352,734.538
6353,734.622
6354,734.705
6355,734.789
6356,734.873
6357,734.957
6358,735.041
6359,735.124
6360,735.208
6361,735.292
6362,735.376
6363,735.46
6364,735.543
6365,735.627
6366,735.711
6367,735.795
6368,735.879
6369,735.962
6370,736.046
6371,736.13
6372,736.214
6373,736.298
6374,736.381
6375,736.465
6376,736.549
6377,736.633
6378,736.716
6379,736.8
6380,736.884
6381,736.968
6382,737.052
6383,737.135
6384,737.219
6385,737.303
6386,737.387
6387,737.471
6388,737.554
6389,737.638
6390,737.722
6391,737.806
6392,737.89
6393,737.973
6394,738.057
6395,738.141
6396,738.225
6397,738.309
6398,738.392
6399,738.476
6400,738.56
6401,738.644
6402,738.728
6403,738.811
6404,738.895
6405,738.979
6406,739.063
6407,739.146
6408,739.23
6409,739.314
6410,739.398
6411,739.482
6412,739.565
6413,739.649
6414,739.733
6415,739.817
6416,739.901
6417,739.984
6418,740.068
6419,740.152
6420,740.236
6421,740.319
6422,740.403
6423,740.487
6424,740.571
6425,740.655
6426,740.738
6427,740.822
6428,740.906
6429,740.99
6430,741.074
6431,741.157
6432,741.241
6433,741.325
6434,741.409
6435,741.492
6436,741.576
6437,741.66
6438,741.744
6439,741.828
6440,741.911
6441,741.995
6442,742.079
6443,742.163
6444,742.246
6445,742.33
6446,742.414
6447,742.498
6448,742.582
6449,742.665
6450,742.749
6451,742.833
6452,742.917
6453,743
6454,743.084
6455,743.168
6456,743.252
6457,743.336
6458,743.419
6459,743.503
6460,743.587
6461,743.671
6462,743.754
6463,743.838
6464,743.922
6465,744.006
6466,744.09
6467,744.173
6468,744.257
6469,744.341
6470,744.425
6471,744.508
6472,744.592
6473,744.676
6474,744.76
6475,744.844
6476,744.927
6477,745.011
6478,745.095
6479,745.179
6480,745.262
6481,745.346
6482,745.43
6483,745.514
6484,745.597
6485,745.681
6486,745.765
6487,745.849
6488,745.933
6489,746.016
6490,746.1
6491,746.184
6492,746.268
6493,746.351
6494,746.435
6495,746.519
6496,746.603
6497,746.686
6498,746.77
6499,746.854
6500,746.938
6501,747.022
6502,747.105
6503,747.189
6504,747.273
6505,747.357
6506,747.44
6507,747.524
6508,747.608
6509,747.692
6510,747.775
6511,747.859
6512,747.943
6513,748.027
6514,748.11
6515,748.194
6516,748.278
6517,748.362
6518,748.446
6519,748.529
6520,748.613
6521,748.697
6522,748.781
6523,748.864
6524,748.948
6525,749.032
6526,749.116
6527,749.199
6528,749.283
6529,749.367
6530,749.451
6531,749.534
6532,749.618
6533,749.702
6534,749.786
6535,749.869
6536,749.953
6537,750.037
6538,750.121
6539,750.204
6540,750.288
6541,750.372
6542,750.456
6543,750.539
6544,750.623
6545,750.707
6546,750.791
6547,750.874
6548,750.958
6549,751.042
6550,751.126
6551,751.21
6552,751.293
6553,751.377
6554,751.461
6555,751.545
6556,751.628
6557,751.712
6558,751.796
6559,751.88
6560,751.963
6561,752.047
6562,752.131
6563,752.215
6564,752.298
6565,752.382
6566,752.466
6567,752.55
6568,752.633
6569,752.717
6570,752.801
6571,752.885
6572,752.968
6573,753.052
6574,753.136
6575,753.22
6576,753.303
6577,753.387
6578,753.471
6579,753.555
6580,753.638
6581,753.722
6582,753.806
6583,753.889
6584,753.973
6585,754.057
6586,754.141
6587,754.224
6588,754.308
6589,754.392
6590,754.476
6591,754.559
6592,754.643
6593,754.727
6594,754.811
6595,754.894
6596,754.978
6597,755.062
6598,755.146
6599,755.229
6600,755.313
6601,755.397
6602,755.481
6603,755.564
6604,755.648
6605,755.732
6606,755.816
6607,755.899
6608,755.983
6609,756.067
6610,756.151
6611,756.234
6612,756.318
6613,756.402
6614,756.485
6615,756.569
6616,756.653
6617,756.737
6618,756.82
6619,756.904
6620,756.988
6621,757.072
6622,757.155
6623,757.239
6624,757.323
6625,757.407
6626,757.49
6627,757.574
6628,757.658
6629,757.741
6630,757.825
6631,757.909
6632,757.993
6633,758.076
6634,758.16
6635,758.244
6636,758.328
6637,758.411
6638,758.495
6639,758.579
6640,758.663
6641,758.746
6642,758.83
6643,758.914
6644,758.997
6645,759.081
6646,759.165
6647,759.249
6648,759.332
6649,759.416
6650,759.5
6651,759.584
6652,759.667
6653,759.751
6654,759.835
6655,759.918
6656,760.002
6657,760.086
6658,760.17
6659,760.253
6660,760.337
6661,760.421
6662,760.505
6663,760.588
6664,760.672
6665,760.756
6666,760.839
6667,760.923
6668,761.007
6669,761.091
6670,761.174
6671,761.258
6672,761.342
6673,761.426
6674,761.509
6675,761.593
6676,761.677
6677,761.76
6678,761.844
6679,761.928
6680,762.012
6681,762.095
6682,762.179
6683,762.263
6684,762.346
6685,762.43
6686,762.514
6687,762.598
6688,762.681
6689,762.765
6690,762.849
6691,762.932
6692,763.016
6693,763.1
6694,763.184
6695,763.267
6696,763.351
6697,763.435
6698,763.519
6699,763.602
6700,763.686
6701,763.77
6702,763.853
6703,763.937
6704,764.021
6705,764.105
6706,764.188
6707,764.272
6708,764.356
6709,764.439
6710,764.523
6711,764.607
6712,764.691
6713,764.774
6714,764.858
6715,764.942
6716,765.025
6717,765.109
6718,765.193
6719,765.276
6720,765.36
6721,765.444
6722,765.528
6723,765.611
6724,765.695
6725,765.779
6726,765.862
6727,765.946
6728,766.03
6729,766.114
6730,766.197
6731,766.281
6732,766.365
6733,766.448
6734,766.532
6735,766.616
6736,766.7
6737,766.783
6738,766.867
6739,766.951
6740,767.034
6741,767.118
6742,767.202
6743,767.285
6744,767.369
6745,767.453
6746,767.537
6747,767.62
6748,767.704
6749,767.788
6750,767.871
6751,767.955
6752,768.039
6753,768.123
6754,768.206
6755,768.29
6756,768.374
6757,768.457
6758,768.541
6759,768.625
6760,768.708
6761,768.792
6762,768.876
6763,768.96
6764,769.043
6765,769.127
6766,769.211
6767,769.294
6768,769.378
6769,769.462
6770,769.545
6771,769.629
6772,769.713
6773,769.796
6774,769.88
6775,769.964
6776,770.048
6777,770.131
6778,770.215
6779,770.299
6780,770.382
6781,770.466
6782,770.55
6783,770.633
6784,770.717
6785,770.801
6786,770.885
6787,770.968
6788,771.052
6789,771.136
6790,771.219
6791,771.303
6792,771.387
6793,771.47
6794,771.554
6795,771.638
6796,771.721
6797,771.805
6798,771.889
6799,771.973
6800,772.056
6801,772.14
6802,772.224
6803,772.307
6804,772.391
6805,772.475
6806,772.558
6807,772.642
6808,772.726
6809,772.809
6810,772.893
6811,772.977
6812,773.06
6813,773.144
6814,773.228
6815,773.312
6816,773.395
6817,773.479
6818,773.563
6819,773.646
6820,773.73
6821,773.814
6822,773.897
6823,773.981
6824,774.065
6825,774.148
6826,774.232
6827,774.316
6828,774.399
6829,774.483
6830,774.567
6831,774.65
6832,774.734
6833,774.818
6834,774.901
6835,774.985
6836,775.069
6837,775.153
6838,775.236
6839,775.32
6840,775.404
6841,775.487
6842,775.571
6843,775.655
6844,775.738
6845,775.822
6846,775.906
6847,775.989
6848,776.073
6849,776.157
6850,776.24
6851,776.324
6852,776.408
6853,776.491
6854,776.575
6855,776.659
6856,776.742
6857,776.826
6858,776.91
6859,776.993
6860,777.077
6861,777.161
6862,777.244
6863,777.328
6864,777.412
6865,777.495
6866,777.579
6867,777.663
6868,777.746
6869,777.83
6870,777.914
6871,777.998
6872,778.081
6873,778.165
6874,778.249
6875,778.332
6876,778.416
6877,778.5
6878,778.583
6879,778.667
6880,778.751
6881,778.834
6882,778.918
6883,779.002
6884,779.085
6885,779.169
6886,779.253
6887,779.336
6888,779.42
6889,779.504
6890,779.587
6891,779.671
6892,779.755
6893,779.838
6894,779.922
6895,780.006
6896,780.089
6897,780.173
6898,780.257
6899,780.34
6900,780.424
6901,780.508
6902,780.591
6903,780.675
6904,780.759
6905,780.842
6906,780.926
6907,781.009
6908,781.093
6909,781.177
6910,781.26
6911,781.344
6912,781.428
6913,781.511
6914,781.595
6915,781.679
6916,781.762
6917,781.846
6918,781.93
6919,782.013
6920,782.097
6921,782.181
6922,782.264
6923,782.348
6924,782.432
6925,782.515
6926,782.599
6927,782.683
6928,782.766
6929,782.85
6930,782.934
6931,783.017
6932,783.101
6933,783.185
6934,783.268
6935,783.352
6936,783.436
6937,783.519
6938,783.603
6939,783.687
6940,783.77
6941,783.854
6942,783.937
6943,784.021
6944,784.105
6945,784.188
6946,784.272
6947,784.356
6948,784.439
6949,784.523
6950,784.607
6951,784.69
6952,784.774
6953,784.858
6954,784.941
6955,785.025
6956,785.109
6957,785.192
6958,785.276
6959,785.36
6960,785.443
6961,785.527
6962,785.61
6963,785.694
6964,785.778
6965,785.861
6966,785.945
6967,786.029
6968,786.112
6969,786.196
6970,786.28
6971,786.363
6972,786.447
6973,786.531
6974,786.614
6975,786.698
6976,786.781
6977,786.865
6978,786.949
6979,787.032
6980,787.116
6981,787.2
6982,787.283
6983,787.367
6984,787.451
6985,787.534
6986,787.618
6987,787.702
6988,787.785
6989,787.869
6990,787.952
6991,788.036
6992,788.12
6993,788.203
6994,788.287
6995,788.371
6996,788.454
6997,788.538
6998,788.622
6999,788.705
7000,788.789
7001,788.872
7002,788.956
7003,789.04
7004,789.123
7005,789.207
7006,789.291
7007,789.374
7008,789.458
7009,789.542
7010,789.625
7011,789.709
7012,789.792
7013,789.876
7014,789.96
7015,790.043
7016,790.127
7017,790.211
7018,790.294
7019,790.378
7020,790.462
7021,790.545
7022,790.629
7023,790.712
7024,790.796
7025,790.88
7026,790.963
7027,791.047
7028,791.131
7029,791.214
7030,791.298
7031,791.381
7032,791.465
7033,791.549
7034,791.632
7035,791.716
7036,791.8
7037,791.883
7038,791.967
7039,792.05
7040,792.134
7041,792.218
7042,792.301
7043,792.385
7044,792.469
7045,792.552
7046,792.636
7047,792.719
7048,792.803
7049,792.887
7050,792.97
7051,793.054
7052,793.138
7053,793.221
7054,793.305
7055,793.388
7056,793.472
7057,793.556
7058,793.639
7059,793.723
7060,793.807
7061,793.89
7062,793.974
7063,794.057
7064,794.141
7065,794.225
7066,794.308
7067,794.392
7068,794.475
7069,794.559
7070,794.643
7071,794.726
7072,794.81
7073,794.894
7074,794.977
7075,795.061
7076,795.144
7077,795.228
7078,795.312
7079,795.395
7080,795.479
7081,795.562
7082,795.646
7083,795.73
7084,795.813
7085,795.897
7086,795.981
7087,796.064
7088,796.148
7089,796.231
7090,796.315
7091,796.399
7092,796.482
7093,796.566
7094,796.649
7095,796.733
7096,796.817
7097,796.9
7098,796.984
7099,797.068
7100,797.151
7101,797.235
7102,797.318
7103,797.402
7104,797.486
7105,797.569
7106,797.653
7107,797.736
7108,797.82
7109,797.904
7110,797.987
7111,798.071
7112,798.154
7113,798.238
7114,798.322
7115,798.405
7116,798.489
7117,798.572
7118,798.656
7119,798.74
7120,798.823
7121,798.907
7122,798.99
7123,799.074
7124,799.158
7125,799.241
7126,799.325
7127,799.408
7128,799.492
7129,799.576
7130,799.659
7131,799.743
7132,799.826
7133,799.91
7134,799.994
7135,800.077
7136,800.161
7137,800.244
7138,800.328
7139,800.412
7140,800.495
7141,800.579
7142,800.662
7143,800.746
7144,800.83
7145,800.913
7146,800.997
7147,801.08
7148,801.164
7149,801.248
7150,801.331
7151,801.415
7152,801.498
